"","Geneid","Chr","Start","End","Strand","Length","Symbol","EntrezID"
"chr10:103649169-103649493(-)","ENSG00000120029","chr10",103649169,103649493,"-",325,"C10orf76",79591
"chr10:103815842-103815950(-)","ENSG00000120029","chr10",103815842,103815950,"-",109,"C10orf76",79591
"chr10:103799770-103799882(-)","ENSG00000120029","chr10",103799770,103799882,"-",113,"C10orf76",79591
"chr10:103793040-103793096(-)","ENSG00000120029","chr10",103793040,103793096,"-",57,"C10orf76",79591
"chr10:103792783-103792929(-)","ENSG00000120029","chr10",103792783,103792929,"-",147,"C10orf76",79591
"chr10:103789395-103789502(-)","ENSG00000120029","chr10",103789395,103789502,"-",108,"C10orf76",79591
"chr10:103784913-103785005(-)","ENSG00000120029","chr10",103784913,103785005,"-",93,"C10orf76",79591
"chr10:103783432-103783506(-)","ENSG00000120029","chr10",103783432,103783506,"-",75,"C10orf76",79591
"chr10:103783234-103783320(-)","ENSG00000120029","chr10",103783234,103783320,"-",87,"C10orf76",79591
"chr10:103773725-103773781(-)","ENSG00000120029","chr10",103773725,103773781,"-",57,"C10orf76",79591
"chr10:103772590-103772633(-)","ENSG00000120029","chr10",103772590,103772633,"-",44,"C10orf76",79591
"chr10:103771480-103771540(-)","ENSG00000120029","chr10",103771480,103771540,"-",61,"C10orf76",79591
"chr10:103769734-103769780(-)","ENSG00000120029","chr10",103769734,103769780,"-",47,"C10orf76",79591
"chr10:103769131-103769206(-)","ENSG00000120029","chr10",103769131,103769206,"-",76,"C10orf76",79591
"chr10:103766297-103766390(-)","ENSG00000120029","chr10",103766297,103766390,"-",94,"C10orf76",79591
"chr10:103761728-103761829(-)","ENSG00000120029","chr10",103761728,103761829,"-",102,"C10orf76",79591
"chr10:103755054-103755112(-)","ENSG00000120029","chr10",103755054,103755112,"-",59,"C10orf76",79591
"chr10:103753295-103753360(-)","ENSG00000120029","chr10",103753295,103753360,"-",66,"C10orf76",79591
"chr10:103751726-103751795(-)","ENSG00000120029","chr10",103751726,103751795,"-",70,"C10orf76",79591
"chr10:103750308-103750368(-)","ENSG00000120029","chr10",103750308,103750368,"-",61,"C10orf76",79591
"chr10:103734969-103735057(-)","ENSG00000120029","chr10",103734969,103735057,"-",89,"C10orf76",79591
"chr10:103717407-103717489(-)","ENSG00000120029","chr10",103717407,103717489,"-",83,"C10orf76",79591
"chr10:103716354-103716480(-)","ENSG00000120029","chr10",103716354,103716480,"-",127,"C10orf76",79591
"chr10:103699620-103699695(-)","ENSG00000120029","chr10",103699620,103699695,"-",76,"C10orf76",79591
"chr10:103649169-103649247(-)","ENSG00000120029","chr10",103649169,103649247,"-",79,"C10orf76",79591
"chr10:103761728-103761821(-)","ENSG00000120029","chr10",103761728,103761821,"-",94,"C10orf76",79591
"chr10:103793040-103793195(-)","ENSG00000120029","chr10",103793040,103793195,"-",156,"C10orf76",79591
"chr10:103792690-103792929(-)","ENSG00000120029","chr10",103792690,103792929,"-",240,"C10orf76",79591
"chr10:103789205-103789502(-)","ENSG00000120029","chr10",103789205,103789502,"-",298,"C10orf76",79591
"chr10:103712362-103712461(-)","ENSG00000222430","chr10",103712362,103712461,"-",100,"",NA
"chr10:103825147-103827792(+)","ENSG00000166189","chr10",103825147,103827792,"+",2646,"HPS6",79803
"chr10:103845233-103845487(-)","ENSG00000224302","chr10",103845233,103845487,"-",255,"",NA
"chr10:103849725-103849819(+)","ENSG00000229629","chr10",103849725,103849819,"+",95,"",NA
"chr10:103862019-103862089(+)","ENSG00000253068","chr10",103862019,103862089,"+",71,"",NA
"chr10:103874163-103874703(-)","ENSG00000198728","chr10",103874163,103874703,"-",541,"LDB1",8861
"chr10:103871191-103871293(-)","ENSG00000198728","chr10",103871191,103871293,"-",103,"LDB1",8861
"chr10:103871013-103871057(-)","ENSG00000198728","chr10",103871013,103871057,"-",45,"LDB1",8861
"chr10:103870826-103870901(-)","ENSG00000198728","chr10",103870826,103870901,"-",76,"LDB1",8861
"chr10:103870626-103870728(-)","ENSG00000198728","chr10",103870626,103870728,"-",103,"LDB1",8861
"chr10:103870286-103870458(-)","ENSG00000198728","chr10",103870286,103870458,"-",173,"LDB1",8861
"chr10:103869678-103869800(-)","ENSG00000198728","chr10",103869678,103869800,"-",123,"LDB1",8861
"chr10:103869357-103869440(-)","ENSG00000198728","chr10",103869357,103869440,"-",84,"LDB1",8861
"chr10:103869141-103869264(-)","ENSG00000198728","chr10",103869141,103869264,"-",124,"LDB1",8861
"chr10:103868786-103868934(-)","ENSG00000198728","chr10",103868786,103868934,"-",149,"LDB1",8861
"chr10:103867317-103868080(-)","ENSG00000198728","chr10",103867317,103868080,"-",764,"LDB1",8861
"chr10:103879843-103880210(-)","ENSG00000198728","chr10",103879843,103880210,"-",368,"LDB1",8861
"chr10:103867340-103868080(-)","ENSG00000198728","chr10",103867340,103868080,"-",741,"LDB1",8861
"chr10:103870826-103870890(-)","ENSG00000198728","chr10",103870826,103870890,"-",65,"LDB1",8861
"chr10:103870149-103870458(-)","ENSG00000198728","chr10",103870149,103870458,"-",310,"LDB1",8861
"chr10:103879843-103880205(-)","ENSG00000198728","chr10",103879843,103880205,"-",363,"LDB1",8861
"chr10:103870387-103870458(-)","ENSG00000198728","chr10",103870387,103870458,"-",72,"LDB1",8861
"chr10:103892787-103892978(+)","ENSG00000148840","chr10",103892787,103892978,"+",192,"PPRC1",23082
"chr10:103897607-103897795(+)","ENSG00000148840","chr10",103897607,103897795,"+",189,"PPRC1",23082
"chr10:103898376-103898522(+)","ENSG00000148840","chr10",103898376,103898522,"+",147,"PPRC1",23082
"chr10:103898636-103898737(+)","ENSG00000148840","chr10",103898636,103898737,"+",102,"PPRC1",23082
"chr10:103898857-103901761(+)","ENSG00000148840","chr10",103898857,103901761,"+",2905,"PPRC1",23082
"chr10:103902802-103902855(+)","ENSG00000148840","chr10",103902802,103902855,"+",54,"PPRC1",23082
"chr10:103904007-103904064(+)","ENSG00000148840","chr10",103904007,103904064,"+",58,"PPRC1",23082
"chr10:103904777-103904847(+)","ENSG00000148840","chr10",103904777,103904847,"+",71,"PPRC1",23082
"chr10:103906429-103907149(+)","ENSG00000148840","chr10",103906429,103907149,"+",721,"PPRC1",23082
"chr10:103908129-103908278(+)","ENSG00000148840","chr10",103908129,103908278,"+",150,"PPRC1",23082
"chr10:103908385-103908451(+)","ENSG00000148840","chr10",103908385,103908451,"+",67,"PPRC1",23082
"chr10:103908574-103908695(+)","ENSG00000148840","chr10",103908574,103908695,"+",122,"PPRC1",23082
"chr10:103908935-103909086(+)","ENSG00000148840","chr10",103908935,103909086,"+",152,"PPRC1",23082
"chr10:103909683-103910082(+)","ENSG00000148840","chr10",103909683,103910082,"+",400,"PPRC1",23082
"chr10:103892797-103892978(+)","ENSG00000148840","chr10",103892797,103892978,"+",182,"PPRC1",23082
"chr10:103909683-103909977(+)","ENSG00000148840","chr10",103909683,103909977,"+",295,"PPRC1",23082
"chr10:103901249-103901761(+)","ENSG00000148840","chr10",103901249,103901761,"+",513,"PPRC1",23082
"chr10:103909683-103909937(+)","ENSG00000148840","chr10",103909683,103909937,"+",255,"PPRC1",23082
"chr10:103901512-103901761(+)","ENSG00000148840","chr10",103901512,103901761,"+",250,"PPRC1",23082
"chr10:103908935-103908977(+)","ENSG00000148840","chr10",103908935,103908977,"+",43,"PPRC1",23082
"chr10:103902712-103902855(+)","ENSG00000148840","chr10",103902712,103902855,"+",144,"PPRC1",23082
"chr10:103904007-103904591(+)","ENSG00000148840","chr10",103904007,103904591,"+",585,"PPRC1",23082
"chr10:103908150-103908451(+)","ENSG00000148840","chr10",103908150,103908451,"+",302,"PPRC1",23082
"chr10:103908935-103909074(+)","ENSG00000148840","chr10",103908935,103909074,"+",140,"PPRC1",23082
"chr10:103911933-103912287(+)","ENSG00000166197","chr10",103911933,103912287,"+",355,"NOLC1",9221
"chr10:103916776-103916831(+)","ENSG00000166197","chr10",103916776,103916831,"+",56,"NOLC1",9221
"chr10:103916946-103917085(+)","ENSG00000166197","chr10",103916946,103917085,"+",140,"NOLC1",9221
"chr10:103917188-103917312(+)","ENSG00000166197","chr10",103917188,103917312,"+",125,"NOLC1",9221
"chr10:103917806-103917971(+)","ENSG00000166197","chr10",103917806,103917971,"+",166,"NOLC1",9221
"chr10:103918950-103919065(+)","ENSG00000166197","chr10",103918950,103919065,"+",116,"NOLC1",9221
"chr10:103919190-103919325(+)","ENSG00000166197","chr10",103919190,103919325,"+",136,"NOLC1",9221
"chr10:103919653-103919781(+)","ENSG00000166197","chr10",103919653,103919781,"+",129,"NOLC1",9221
"chr10:103919990-103920100(+)","ENSG00000166197","chr10",103919990,103920100,"+",111,"NOLC1",9221
"chr10:103920209-103920850(+)","ENSG00000166197","chr10",103920209,103920850,"+",642,"NOLC1",9221
"chr10:103921313-103921419(+)","ENSG00000166197","chr10",103921313,103921419,"+",107,"NOLC1",9221
"chr10:103921590-103921682(+)","ENSG00000166197","chr10",103921590,103921682,"+",93,"NOLC1",9221
"chr10:103921868-103923623(+)","ENSG00000166197","chr10",103921868,103923623,"+",1756,"NOLC1",9221
"chr10:103918950-103919095(+)","ENSG00000166197","chr10",103918950,103919095,"+",146,"NOLC1",9221
"chr10:103921868-103923627(+)","ENSG00000166197","chr10",103921868,103923627,"+",1760,"NOLC1",9221
"chr10:103912152-103912287(+)","ENSG00000166197","chr10",103912152,103912287,"+",136,"NOLC1",9221
"chr10:103917206-103917312(+)","ENSG00000166197","chr10",103917206,103917312,"+",107,"NOLC1",9221
"chr10:103921868-103922356(+)","ENSG00000166197","chr10",103921868,103922356,"+",489,"NOLC1",9221
"chr10:103912161-103912287(+)","ENSG00000166197","chr10",103912161,103912287,"+",127,"NOLC1",9221
"chr10:103916943-103917085(+)","ENSG00000166197","chr10",103916943,103917085,"+",143,"NOLC1",9221
"chr10:103921868-103922357(+)","ENSG00000166197","chr10",103921868,103922357,"+",490,"NOLC1",9221
"chr10:103912166-103912287(+)","ENSG00000166197","chr10",103912166,103912287,"+",122,"NOLC1",9221
"chr10:103920209-103920316(+)","ENSG00000166197","chr10",103920209,103920316,"+",108,"NOLC1",9221
"chr10:103912170-103912287(+)","ENSG00000166197","chr10",103912170,103912287,"+",118,"NOLC1",9221
"chr10:103919653-103919695(+)","ENSG00000166197","chr10",103919653,103919695,"+",43,"NOLC1",9221
"chr10:103912172-103912287(+)","ENSG00000166197","chr10",103912172,103912287,"+",116,"NOLC1",9221
"chr10:103920487-103920850(+)","ENSG00000166197","chr10",103920487,103920850,"+",364,"NOLC1",9221
"chr10:103923528-103923623(+)","ENSG00000166197","chr10",103923528,103923623,"+",96,"NOLC1",9221
"chr10:103986085-103986406(+)","ENSG00000119915","chr10",103986085,103986406,"+",322,"ELOVL3",83401
"chr10:103987383-103987514(+)","ENSG00000119915","chr10",103987383,103987514,"+",132,"ELOVL3",83401
"chr10:103988174-103988325(+)","ENSG00000119915","chr10",103988174,103988325,"+",152,"ELOVL3",83401
"chr10:103988582-103989346(+)","ENSG00000119915","chr10",103988582,103989346,"+",765,"ELOVL3",83401
"chr10:104001090-104001231(-)","ENSG00000107859","chr10",104001090,104001231,"-",142,"PITX3",5309
"chr10:103991720-103991849(-)","ENSG00000107859","chr10",103991720,103991849,"-",130,"PITX3",5309
"chr10:103991345-103991547(-)","ENSG00000107859","chr10",103991345,103991547,"-",203,"PITX3",5309
"chr10:103989943-103990858(-)","ENSG00000107859","chr10",103989943,103990858,"-",916,"PITX3",5309
"chr10:103991720-103991840(-)","ENSG00000107859","chr10",103991720,103991840,"-",121,"PITX3",5309
"chr10:103990235-103990858(-)","ENSG00000107859","chr10",103990235,103990858,"-",624,"PITX3",5309
"chr10:103989943-103990181(-)","ENSG00000107859","chr10",103989943,103990181,"-",239,"PITX3",5309
"chr10:104005289-104005538(+)","ENSG00000107862","chr10",104005289,104005538,"+",250,"GBF1",8729
"chr10:104018686-104018791(+)","ENSG00000107862","chr10",104018686,104018791,"+",106,"GBF1",8729
"chr10:104019807-104019873(+)","ENSG00000107862","chr10",104019807,104019873,"+",67,"GBF1",8729
"chr10:104103808-104103939(+)","ENSG00000107862","chr10",104103808,104103939,"+",132,"GBF1",8729
"chr10:104111013-104111131(+)","ENSG00000107862","chr10",104111013,104111131,"+",119,"GBF1",8729
"chr10:104111600-104111708(+)","ENSG00000107862","chr10",104111600,104111708,"+",109,"GBF1",8729
"chr10:104112215-104112275(+)","ENSG00000107862","chr10",104112215,104112275,"+",61,"GBF1",8729
"chr10:104113357-104113411(+)","ENSG00000107862","chr10",104113357,104113411,"+",55,"GBF1",8729
"chr10:104117796-104117943(+)","ENSG00000107862","chr10",104117796,104117943,"+",148,"GBF1",8729
"chr10:104118263-104118486(+)","ENSG00000107862","chr10",104118263,104118486,"+",224,"GBF1",8729
"chr10:104119027-104119192(+)","ENSG00000107862","chr10",104119027,104119192,"+",166,"GBF1",8729
"chr10:104119941-104120152(+)","ENSG00000107862","chr10",104119941,104120152,"+",212,"GBF1",8729
"chr10:104120779-104120877(+)","ENSG00000107862","chr10",104120779,104120877,"+",99,"GBF1",8729
"chr10:104121475-104121669(+)","ENSG00000107862","chr10",104121475,104121669,"+",195,"GBF1",8729
"chr10:104122232-104122421(+)","ENSG00000107862","chr10",104122232,104122421,"+",190,"GBF1",8729
"chr10:104123013-104123153(+)","ENSG00000107862","chr10",104123013,104123153,"+",141,"GBF1",8729
"chr10:104123467-104123555(+)","ENSG00000107862","chr10",104123467,104123555,"+",89,"GBF1",8729
"chr10:104125154-104125356(+)","ENSG00000107862","chr10",104125154,104125356,"+",203,"GBF1",8729
"chr10:104126140-104126263(+)","ENSG00000107862","chr10",104126140,104126263,"+",124,"GBF1",8729
"chr10:104126842-104126967(+)","ENSG00000107862","chr10",104126842,104126967,"+",126,"GBF1",8729
"chr10:104127235-104127317(+)","ENSG00000107862","chr10",104127235,104127317,"+",83,"GBF1",8729
"chr10:104127975-104128211(+)","ENSG00000107862","chr10",104127975,104128211,"+",237,"GBF1",8729
"chr10:104128496-104128589(+)","ENSG00000107862","chr10",104128496,104128589,"+",94,"GBF1",8729
"chr10:104128968-104129144(+)","ENSG00000107862","chr10",104128968,104129144,"+",177,"GBF1",8729
"chr10:104129468-104129532(+)","ENSG00000107862","chr10",104129468,104129532,"+",65,"GBF1",8729
"chr10:104129618-104129741(+)","ENSG00000107862","chr10",104129618,104129741,"+",124,"GBF1",8729
"chr10:104129931-104130002(+)","ENSG00000107862","chr10",104129931,104130002,"+",72,"GBF1",8729
"chr10:104130141-104130235(+)","ENSG00000107862","chr10",104130141,104130235,"+",95,"GBF1",8729
"chr10:104130464-104130617(+)","ENSG00000107862","chr10",104130464,104130617,"+",154,"GBF1",8729
"chr10:104135116-104135341(+)","ENSG00000107862","chr10",104135116,104135341,"+",226,"GBF1",8729
"chr10:104136029-104136189(+)","ENSG00000107862","chr10",104136029,104136189,"+",161,"GBF1",8729
"chr10:104136317-104136557(+)","ENSG00000107862","chr10",104136317,104136557,"+",241,"GBF1",8729
"chr10:104136692-104136897(+)","ENSG00000107862","chr10",104136692,104136897,"+",206,"GBF1",8729
"chr10:104139041-104139191(+)","ENSG00000107862","chr10",104139041,104139191,"+",151,"GBF1",8729
"chr10:104139278-104139408(+)","ENSG00000107862","chr10",104139278,104139408,"+",131,"GBF1",8729
"chr10:104139610-104139711(+)","ENSG00000107862","chr10",104139610,104139711,"+",102,"GBF1",8729
"chr10:104140006-104140119(+)","ENSG00000107862","chr10",104140006,104140119,"+",114,"GBF1",8729
"chr10:104140263-104140443(+)","ENSG00000107862","chr10",104140263,104140443,"+",181,"GBF1",8729
"chr10:104140884-104141012(+)","ENSG00000107862","chr10",104140884,104141012,"+",129,"GBF1",8729
"chr10:104141813-104142656(+)","ENSG00000107862","chr10",104141813,104142656,"+",844,"GBF1",8729
"chr10:104118856-104119192(+)","ENSG00000107862","chr10",104118856,104119192,"+",337,"GBF1",8729
"chr10:104120779-104120944(+)","ENSG00000107862","chr10",104120779,104120944,"+",166,"GBF1",8729
"chr10:104020987-104021063(+)","ENSG00000251989","chr10",104020987,104021063,"+",77,"",NA
"chr10:104153867-104154357(+)","ENSG00000077150","chr10",104153867,104154357,"+",491,"NFKB2",4791
"chr10:104155645-104155715(+)","ENSG00000077150","chr10",104155645,104155715,"+",71,"NFKB2",4791
"chr10:104153867-104154312(+)","ENSG00000077150","chr10",104153867,104154312,"+",446,"NFKB2",4791
"chr10:104155645-104155737(+)","ENSG00000077150","chr10",104155645,104155737,"+",93,"NFKB2",4791
"chr10:104156010-104156055(+)","ENSG00000077150","chr10",104156010,104156055,"+",46,"NFKB2",4791
"chr10:104154229-104154357(+)","ENSG00000077150","chr10",104154229,104154357,"+",129,"NFKB2",4791
"chr10:104156010-104156091(+)","ENSG00000077150","chr10",104156010,104156091,"+",82,"NFKB2",4791
"chr10:104156206-104156246(+)","ENSG00000077150","chr10",104156206,104156246,"+",41,"NFKB2",4791
"chr10:104156482-104156580(+)","ENSG00000077150","chr10",104156482,104156580,"+",99,"NFKB2",4791
"chr10:104156661-104156812(+)","ENSG00000077150","chr10",104156661,104156812,"+",152,"NFKB2",4791
"chr10:104157059-104157165(+)","ENSG00000077150","chr10",104157059,104157165,"+",107,"NFKB2",4791
"chr10:104157284-104157442(+)","ENSG00000077150","chr10",104157284,104157442,"+",159,"NFKB2",4791
"chr10:104157738-104157842(+)","ENSG00000077150","chr10",104157738,104157842,"+",105,"NFKB2",4791
"chr10:104157969-104158054(+)","ENSG00000077150","chr10",104157969,104158054,"+",86,"NFKB2",4791
"chr10:104158142-104158280(+)","ENSG00000077150","chr10",104158142,104158280,"+",139,"NFKB2",4791
"chr10:104158496-104158621(+)","ENSG00000077150","chr10",104158496,104158621,"+",126,"NFKB2",4791
"chr10:104159045-104159254(+)","ENSG00000077150","chr10",104159045,104159254,"+",210,"NFKB2",4791
"chr10:104159334-104159475(+)","ENSG00000077150","chr10",104159334,104159475,"+",142,"NFKB2",4791
"chr10:104159837-104159951(+)","ENSG00000077150","chr10",104159837,104159951,"+",115,"NFKB2",4791
"chr10:104160035-104160248(+)","ENSG00000077150","chr10",104160035,104160248,"+",214,"NFKB2",4791
"chr10:104160412-104160581(+)","ENSG00000077150","chr10",104160412,104160581,"+",170,"NFKB2",4791
"chr10:104160704-104160806(+)","ENSG00000077150","chr10",104160704,104160806,"+",103,"NFKB2",4791
"chr10:104160937-104161088(+)","ENSG00000077150","chr10",104160937,104161088,"+",152,"NFKB2",4791
"chr10:104161206-104161275(+)","ENSG00000077150","chr10",104161206,104161275,"+",70,"NFKB2",4791
"chr10:104161502-104161674(+)","ENSG00000077150","chr10",104161502,104161674,"+",173,"NFKB2",4791
"chr10:104161805-104161916(+)","ENSG00000077150","chr10",104161805,104161916,"+",112,"NFKB2",4791
"chr10:104162012-104162280(+)","ENSG00000077150","chr10",104162012,104162280,"+",269,"NFKB2",4791
"chr10:104154354-104154531(+)","ENSG00000077150","chr10",104154354,104154531,"+",178,"NFKB2",4791
"chr10:104162009-104162281(+)","ENSG00000077150","chr10",104162009,104162281,"+",273,"NFKB2",4791
"chr10:104155450-104155737(+)","ENSG00000077150","chr10",104155450,104155737,"+",288,"NFKB2",4791
"chr10:104156482-104156542(+)","ENSG00000077150","chr10",104156482,104156542,"+",61,"NFKB2",4791
"chr10:104155463-104155553(+)","ENSG00000077150","chr10",104155463,104155553,"+",91,"NFKB2",4791
"chr10:104158496-104158975(+)","ENSG00000077150","chr10",104158496,104158975,"+",480,"NFKB2",4791
"chr10:104162012-104162281(+)","ENSG00000077150","chr10",104162012,104162281,"+",270,"NFKB2",4791
"chr10:104157830-104157842(+)","ENSG00000077150","chr10",104157830,104157842,"+",13,"NFKB2",4791
"chr10:104159684-104159818(+)","ENSG00000077150","chr10",104159684,104159818,"+",135,"NFKB2",4791
"chr10:104160335-104160581(+)","ENSG00000077150","chr10",104160335,104160581,"+",247,"NFKB2",4791
"chr10:104160704-104161026(+)","ENSG00000077150","chr10",104160704,104161026,"+",323,"NFKB2",4791
"chr10:104178458-104178901(-)","ENSG00000059915","chr10",104178458,104178901,"-",444,"PSD",5662
"chr10:104176142-104176878(-)","ENSG00000059915","chr10",104176142,104176878,"-",737,"PSD",5662
"chr10:104175774-104175876(-)","ENSG00000059915","chr10",104175774,104175876,"-",103,"PSD",5662
"chr10:104174620-104174986(-)","ENSG00000059915","chr10",104174620,104174986,"-",367,"PSD",5662
"chr10:104173526-104173954(-)","ENSG00000059915","chr10",104173526,104173954,"-",429,"PSD",5662
"chr10:104172138-104172332(-)","ENSG00000059915","chr10",104172138,104172332,"-",195,"PSD",5662
"chr10:104171904-104171984(-)","ENSG00000059915","chr10",104171904,104171984,"-",81,"PSD",5662
"chr10:104171464-104171576(-)","ENSG00000059915","chr10",104171464,104171576,"-",113,"PSD",5662
"chr10:104170815-104170873(-)","ENSG00000059915","chr10",104170815,104170873,"-",59,"PSD",5662
"chr10:104170615-104170704(-)","ENSG00000059915","chr10",104170615,104170704,"-",90,"PSD",5662
"chr10:104166980-104167023(-)","ENSG00000059915","chr10",104166980,104167023,"-",44,"PSD",5662
"chr10:104165103-104165293(-)","ENSG00000059915","chr10",104165103,104165293,"-",191,"PSD",5662
"chr10:104164940-104165010(-)","ENSG00000059915","chr10",104164940,104165010,"-",71,"PSD",5662
"chr10:104164655-104164812(-)","ENSG00000059915","chr10",104164655,104164812,"-",158,"PSD",5662
"chr10:104164340-104164484(-)","ENSG00000059915","chr10",104164340,104164484,"-",145,"PSD",5662
"chr10:104163599-104163742(-)","ENSG00000059915","chr10",104163599,104163742,"-",144,"PSD",5662
"chr10:104162376-104163187(-)","ENSG00000059915","chr10",104162376,104163187,"-",812,"PSD",5662
"chr10:104179631-104179691(-)","ENSG00000059915","chr10",104179631,104179691,"-",61,"PSD",5662
"chr10:104178458-104178516(-)","ENSG00000059915","chr10",104178458,104178516,"-",59,"PSD",5662
"chr10:104165103-104165219(-)","ENSG00000059915","chr10",104165103,104165219,"-",117,"PSD",5662
"chr10:104164402-104164812(-)","ENSG00000059915","chr10",104164402,104164812,"-",411,"PSD",5662
"chr10:104165103-104165891(-)","ENSG00000059915","chr10",104165103,104165891,"-",789,"PSD",5662
"chr10:104164693-104164812(-)","ENSG00000059915","chr10",104164693,104164812,"-",120,"PSD",5662
"chr10:104168652-104169047(-)","ENSG00000059915","chr10",104168652,104169047,"-",396,"PSD",5662
"chr10:104165105-104165293(-)","ENSG00000059915","chr10",104165105,104165293,"-",189,"PSD",5662
"chr10:104171464-104171513(-)","ENSG00000059915","chr10",104171464,104171513,"-",50,"PSD",5662
"chr10:104165118-104165368(-)","ENSG00000059915","chr10",104165118,104165368,"-",251,"PSD",5662
"chr10:104179413-104179475(-)","ENSG00000059915","chr10",104179413,104179475,"-",63,"PSD",5662
"chr10:104176411-104176878(-)","ENSG00000059915","chr10",104176411,104176878,"-",468,"PSD",5662
"chr10:104180649-104181296(-)","ENSG00000059915","chr10",104180649,104181296,"-",648,"PSD",5662
"chr10:104179838-104180045(-)","ENSG00000059915","chr10",104179838,104180045,"-",208,"PSD",5662
"chr10:104176467-104176878(-)","ENSG00000059915","chr10",104176467,104176878,"-",412,"PSD",5662
"chr10:104178946-104179171(+)","ENSG00000107872","chr10",104178946,104179171,"+",226,"FBXL15",79176
"chr10:104180809-104180939(+)","ENSG00000107872","chr10",104180809,104180939,"+",131,"FBXL15",79176
"chr10:104181111-104181264(+)","ENSG00000107872","chr10",104181111,104181264,"+",154,"FBXL15",79176
"chr10:104181544-104181906(+)","ENSG00000107872","chr10",104181544,104181906,"+",363,"FBXL15",79176
"chr10:104178990-104179171(+)","ENSG00000107872","chr10",104178990,104179171,"+",182,"FBXL15",79176
"chr10:104179668-104180297(+)","ENSG00000107872","chr10",104179668,104180297,"+",630,"FBXL15",79176
"chr10:104179571-104180056(+)","ENSG00000107872","chr10",104179571,104180056,"+",486,"FBXL15",79176
"chr10:104181111-104181269(+)","ENSG00000107872","chr10",104181111,104181269,"+",159,"FBXL15",79176
"chr10:104179571-104180939(+)","ENSG00000107872","chr10",104179571,104180939,"+",1369,"FBXL15",79176
"chr10:104181544-104182049(+)","ENSG00000107872","chr10",104181544,104182049,"+",506,"FBXL15",79176
"chr10:104182561-104182893(+)","ENSG00000107872","chr10",104182561,104182893,"+",333,"FBXL15",79176
"chr10:104179589-104180939(+)","ENSG00000107872","chr10",104179589,104180939,"+",1351,"FBXL15",79176
"chr10:104180286-104180454(+)","ENSG00000107872","chr10",104180286,104180454,"+",169,"FBXL15",79176
"chr10:104181544-104181960(+)","ENSG00000107872","chr10",104181544,104181960,"+",417,"FBXL15",79176
"chr10:104180598-104180714(+)","ENSG00000107872","chr10",104180598,104180714,"+",117,"FBXL15",79176
"chr10:104181544-104181945(+)","ENSG00000107872","chr10",104181544,104181945,"+",402,"FBXL15",79176
"chr10:104183555-104184061(-)","ENSG00000107874","chr10",104183555,104184061,"-",507,"CUEDC2",79004
"chr10:104183414-104183474(-)","ENSG00000107874","chr10",104183414,104183474,"-",61,"CUEDC2",79004
"chr10:104183002-104183329(-)","ENSG00000107874","chr10",104183002,104183329,"-",328,"CUEDC2",79004
"chr10:104192283-104192418(-)","ENSG00000107874","chr10",104192283,104192418,"-",136,"CUEDC2",79004
"chr10:104184872-104184955(-)","ENSG00000107874","chr10",104184872,104184955,"-",84,"CUEDC2",79004
"chr10:104184406-104184549(-)","ENSG00000107874","chr10",104184406,104184549,"-",144,"CUEDC2",79004
"chr10:104184256-104184317(-)","ENSG00000107874","chr10",104184256,104184317,"-",62,"CUEDC2",79004
"chr10:104184021-104184151(-)","ENSG00000107874","chr10",104184021,104184151,"-",131,"CUEDC2",79004
"chr10:104183753-104183935(-)","ENSG00000107874","chr10",104183753,104183935,"-",183,"CUEDC2",79004
"chr10:104183555-104183616(-)","ENSG00000107874","chr10",104183555,104183616,"-",62,"CUEDC2",79004
"chr10:104192283-104192325(-)","ENSG00000107874","chr10",104192283,104192325,"-",43,"CUEDC2",79004
"chr10:104183766-104183935(-)","ENSG00000107874","chr10",104183766,104183935,"-",170,"CUEDC2",79004
"chr10:104192283-104192341(-)","ENSG00000107874","chr10",104192283,104192341,"-",59,"CUEDC2",79004
"chr10:104183788-104184151(-)","ENSG00000107874","chr10",104183788,104184151,"-",364,"CUEDC2",79004
"chr10:104196269-104196341(+)","ENSG00000202569","chr10",104196269,104196341,"+",73,"MIR146B",574447
"chr10:104209574-104209779(+)","ENSG00000269609","chr10",104209574,104209779,"+",206,"",100505761
"chr10:104209944-104210087(+)","ENSG00000269609","chr10",104209944,104210087,"+",144,"",100505761
"chr10:104211156-104211516(+)","ENSG00000269609","chr10",104211156,104211516,"+",361,"",100505761
"chr10:104209588-104209779(+)","ENSG00000269609","chr10",104209588,104209779,"+",192,"",100505761
"chr10:104215094-104216054(+)","ENSG00000269609","chr10",104215094,104216054,"+",961,"",100505761
"chr10:104209610-104209779(+)","ENSG00000269609","chr10",104209610,104209779,"+",170,"",100505761
"chr10:104209944-104210117(+)","ENSG00000269609","chr10",104209944,104210117,"+",174,"",100505761
"chr10:104211156-104211312(+)","ENSG00000269609","chr10",104211156,104211312,"+",157,"",100505761
"chr10:104211847-104211944(+)","ENSG00000269609","chr10",104211847,104211944,"+",98,"",100505761
"chr10:104215094-104216050(+)","ENSG00000269609","chr10",104215094,104216050,"+",957,"",100505761
"chr10:104209950-104210087(+)","ENSG00000269609","chr10",104209950,104210087,"+",138,"",100505761
"chr10:104215094-104215184(+)","ENSG00000269609","chr10",104215094,104215184,"+",91,"",100505761
"chr10:104220648-104220863(+)","ENSG00000269609","chr10",104220648,104220863,"+",216,"",100505761
"chr10:104210311-104210394(+)","ENSG00000269609","chr10",104210311,104210394,"+",84,"",100505761
"chr10:104215094-104215640(+)","ENSG00000269609","chr10",104215094,104215640,"+",547,"",100505761
"chr10:104210388-104210775(+)","ENSG00000269609","chr10",104210388,104210775,"+",388,"",100505761
"chr10:104211156-104211198(+)","ENSG00000269609","chr10",104211156,104211198,"+",43,"",100505761
"chr10:104211359-104213296(+)","ENSG00000269609","chr10",104211359,104213296,"+",1938,"",100505761
"chr10:104213597-104216049(+)","ENSG00000269609","chr10",104213597,104216049,"+",2453,"",100505761
"chr10:104211143-104211300(-)","ENSG00000120055","chr10",104211143,104211300,"-",158,"C10orf95",79946
"chr10:104209594-104210904(-)","ENSG00000120055","chr10",104209594,104210904,"-",1311,"C10orf95",79946
"chr10:104221149-104221207(+)","ENSG00000138111","chr10",104221149,104221207,"+",59,"TMEM180",79847
"chr10:104225739-104225844(+)","ENSG00000138111","chr10",104225739,104225844,"+",106,"TMEM180",79847
"chr10:104228712-104228954(+)","ENSG00000138111","chr10",104228712,104228954,"+",243,"TMEM180",79847
"chr10:104229349-104229640(+)","ENSG00000138111","chr10",104229349,104229640,"+",292,"TMEM180",79847
"chr10:104229750-104229832(+)","ENSG00000138111","chr10",104229750,104229832,"+",83,"TMEM180",79847
"chr10:104231030-104231153(+)","ENSG00000138111","chr10",104231030,104231153,"+",124,"TMEM180",79847
"chr10:104232611-104232707(+)","ENSG00000138111","chr10",104232611,104232707,"+",97,"TMEM180",79847
"chr10:104233327-104233498(+)","ENSG00000138111","chr10",104233327,104233498,"+",172,"TMEM180",79847
"chr10:104233576-104233769(+)","ENSG00000138111","chr10",104233576,104233769,"+",194,"TMEM180",79847
"chr10:104235479-104236005(+)","ENSG00000138111","chr10",104235479,104236005,"+",527,"TMEM180",79847
"chr10:104221152-104221207(+)","ENSG00000138111","chr10",104221152,104221207,"+",56,"TMEM180",79847
"chr10:104230422-104230874(+)","ENSG00000138111","chr10",104230422,104230874,"+",453,"TMEM180",79847
"chr10:104235479-104236802(+)","ENSG00000138111","chr10",104235479,104236802,"+",1324,"TMEM180",79847
"chr10:104221170-104221207(+)","ENSG00000138111","chr10",104221170,104221207,"+",38,"TMEM180",79847
"chr10:104231779-104232007(+)","ENSG00000138111","chr10",104231779,104232007,"+",229,"TMEM180",79847
"chr10:104225738-104225844(+)","ENSG00000138111","chr10",104225738,104225844,"+",107,"TMEM180",79847
"chr10:104228044-104228089(+)","ENSG00000138111","chr10",104228044,104228089,"+",46,"TMEM180",79847
"chr10:104228510-104228599(+)","ENSG00000138111","chr10",104228510,104228599,"+",90,"TMEM180",79847
"chr10:104229750-104229783(+)","ENSG00000138111","chr10",104229750,104229783,"+",34,"TMEM180",79847
"chr10:104225775-104225844(+)","ENSG00000138111","chr10",104225775,104225844,"+",70,"TMEM180",79847
"chr10:104228044-104228397(+)","ENSG00000138111","chr10",104228044,104228397,"+",354,"TMEM180",79847
"chr10:104230783-104230874(+)","ENSG00000138111","chr10",104230783,104230874,"+",92,"TMEM180",79847
"chr10:104231779-104232004(+)","ENSG00000138111","chr10",104231779,104232004,"+",226,"TMEM180",79847
"chr10:104262357-104262468(-)","ENSG00000138107","chr10",104262357,104262468,"-",112,"ACTR1A",10121
"chr10:104250306-104250370(-)","ENSG00000138107","chr10",104250306,104250370,"-",65,"ACTR1A",10121
"chr10:104248820-104248895(-)","ENSG00000138107","chr10",104248820,104248895,"-",76,"ACTR1A",10121
"chr10:104247907-104248032(-)","ENSG00000138107","chr10",104247907,104248032,"-",126,"ACTR1A",10121
"chr10:104245366-104245490(-)","ENSG00000138107","chr10",104245366,104245490,"-",125,"ACTR1A",10121
"chr10:104243917-104244133(-)","ENSG00000138107","chr10",104243917,104244133,"-",217,"ACTR1A",10121
"chr10:104242768-104242860(-)","ENSG00000138107","chr10",104242768,104242860,"-",93,"ACTR1A",10121
"chr10:104241758-104241932(-)","ENSG00000138107","chr10",104241758,104241932,"-",175,"ACTR1A",10121
"chr10:104241594-104241655(-)","ENSG00000138107","chr10",104241594,104241655,"-",62,"ACTR1A",10121
"chr10:104240889-104240929(-)","ENSG00000138107","chr10",104240889,104240929,"-",41,"ACTR1A",10121
"chr10:104238986-104240722(-)","ENSG00000138107","chr10",104238986,104240722,"-",1737,"ACTR1A",10121
"chr10:104241758-104243437(-)","ENSG00000138107","chr10",104241758,104243437,"-",1680,"ACTR1A",10121
"chr10:104238987-104240722(-)","ENSG00000138107","chr10",104238987,104240722,"-",1736,"ACTR1A",10121
"chr10:104262357-104262435(-)","ENSG00000138107","chr10",104262357,104262435,"-",79,"ACTR1A",10121
"chr10:104238994-104240722(-)","ENSG00000138107","chr10",104238994,104240722,"-",1729,"ACTR1A",10121
"chr10:104262357-104262482(-)","ENSG00000138107","chr10",104262357,104262482,"-",126,"ACTR1A",10121
"chr10:104240331-104240722(-)","ENSG00000138107","chr10",104240331,104240722,"-",392,"ACTR1A",10121
"chr10:104262357-104262466(-)","ENSG00000138107","chr10",104262357,104262466,"-",110,"ACTR1A",10121
"chr10:104240351-104240722(-)","ENSG00000138107","chr10",104240351,104240722,"-",372,"ACTR1A",10121
"chr10:104243917-104244131(-)","ENSG00000138107","chr10",104243917,104244131,"-",215,"ACTR1A",10121
"chr10:104240552-104240722(-)","ENSG00000138107","chr10",104240552,104240722,"-",171,"ACTR1A",10121
"chr10:104262357-104262411(-)","ENSG00000138107","chr10",104262357,104262411,"-",55,"ACTR1A",10121
"chr10:104242771-104242860(-)","ENSG00000138107","chr10",104242771,104242860,"-",90,"ACTR1A",10121
"chr10:104247907-104247990(-)","ENSG00000138107","chr10",104247907,104247990,"-",84,"ACTR1A",10121
"chr10:104243831-104244133(-)","ENSG00000138107","chr10",104243831,104244133,"-",303,"ACTR1A",10121
"chr10:104242796-104243316(+)","ENSG00000273262","chr10",104242796,104243316,"+",521,"",NA
"chr10:104263744-104264091(+)","ENSG00000107882","chr10",104263744,104264091,"+",348,"SUFU",51684
"chr10:104268926-104269060(+)","ENSG00000107882","chr10",104268926,104269060,"+",135,"SUFU",51684
"chr10:104309727-104309863(+)","ENSG00000107882","chr10",104309727,104309863,"+",137,"SUFU",51684
"chr10:104352339-104352481(+)","ENSG00000107882","chr10",104352339,104352481,"+",143,"SUFU",51684
"chr10:104353393-104353478(+)","ENSG00000107882","chr10",104353393,104353478,"+",86,"SUFU",51684
"chr10:104353750-104353822(+)","ENSG00000107882","chr10",104353750,104353822,"+",73,"SUFU",51684
"chr10:104356897-104357050(+)","ENSG00000107882","chr10",104356897,104357050,"+",154,"SUFU",51684
"chr10:104359190-104359301(+)","ENSG00000107882","chr10",104359190,104359301,"+",112,"SUFU",51684
"chr10:104375025-104375159(+)","ENSG00000107882","chr10",104375025,104375159,"+",135,"SUFU",51684
"chr10:104377047-104377185(+)","ENSG00000107882","chr10",104377047,104377185,"+",139,"SUFU",51684
"chr10:104386932-104387000(+)","ENSG00000107882","chr10",104386932,104387000,"+",69,"SUFU",51684
"chr10:104389823-104393292(+)","ENSG00000107882","chr10",104389823,104393292,"+",3470,"SUFU",51684
"chr10:104263764-104264091(+)","ENSG00000107882","chr10",104263764,104264091,"+",328,"SUFU",51684
"chr10:104378823-104379219(+)","ENSG00000107882","chr10",104378823,104379219,"+",397,"SUFU",51684
"chr10:104263836-104264091(+)","ENSG00000107882","chr10",104263836,104264091,"+",256,"SUFU",51684
"chr10:104377047-104378416(+)","ENSG00000107882","chr10",104377047,104378416,"+",1370,"SUFU",51684
"chr10:104350566-104350801(+)","ENSG00000107882","chr10",104350566,104350801,"+",236,"SUFU",51684
"chr10:104359190-104359300(+)","ENSG00000107882","chr10",104359190,104359300,"+",111,"SUFU",51684
"chr10:104285722-104286001(+)","ENSG00000242311","chr10",104285722,104286001,"+",280,"RN7SL21P",NA
"chr10:104332514-104332982(-)","ENSG00000228657","chr10",104332514,104332982,"-",469,"",NA
"chr10:104351281-104351387(+)","ENSG00000207029","chr10",104351281,104351387,"+",107,"RNU6-43P",NA
"chr10:104402549-104403897(-)","ENSG00000272933","chr10",104402549,104403897,"-",1349,"",NA
"chr10:104404253-104404944(+)","ENSG00000171206","chr10",104404253,104404944,"+",692,"TRIM8",81603
"chr10:104414410-104414505(+)","ENSG00000171206","chr10",104414410,104414505,"+",96,"TRIM8",81603
"chr10:104414837-104415070(+)","ENSG00000171206","chr10",104414837,104415070,"+",234,"TRIM8",81603
"chr10:104415863-104415894(+)","ENSG00000171206","chr10",104415863,104415894,"+",32,"TRIM8",81603
"chr10:104416027-104416142(+)","ENSG00000171206","chr10",104416027,104416142,"+",116,"TRIM8",81603
"chr10:104416504-104418164(+)","ENSG00000171206","chr10",104416504,104418164,"+",1661,"TRIM8",81603
"chr10:104404644-104404944(+)","ENSG00000171206","chr10",104404644,104404944,"+",301,"TRIM8",81603
"chr10:104416504-104416711(+)","ENSG00000171206","chr10",104416504,104416711,"+",208,"TRIM8",81603
"chr10:104408976-104409035(+)","ENSG00000171206","chr10",104408976,104409035,"+",60,"TRIM8",81603
"chr10:104416504-104416726(+)","ENSG00000171206","chr10",104416504,104416726,"+",223,"TRIM8",81603
"chr10:104415038-104415070(+)","ENSG00000171206","chr10",104415038,104415070,"+",33,"TRIM8",81603
"chr10:104416002-104416142(+)","ENSG00000171206","chr10",104416002,104416142,"+",141,"TRIM8",81603
"chr10:104416504-104416844(+)","ENSG00000171206","chr10",104416504,104416844,"+",341,"TRIM8",81603
"chr10:104474030-104474164(-)","ENSG00000138175","chr10",104474030,104474164,"-",135,"ARL3",403
"chr10:104465103-104465246(-)","ENSG00000138175","chr10",104465103,104465246,"-",144,"ARL3",403
"chr10:104459130-104459246(-)","ENSG00000138175","chr10",104459130,104459246,"-",117,"ARL3",403
"chr10:104449650-104449700(-)","ENSG00000138175","chr10",104449650,104449700,"-",51,"ARL3",403
"chr10:104445573-104445758(-)","ENSG00000138175","chr10",104445573,104445758,"-",186,"ARL3",403
"chr10:104433488-104436698(-)","ENSG00000138175","chr10",104433488,104436698,"-",3211,"ARL3",403
"chr10:104474295-104474438(+)","ENSG00000156398","chr10",104474295,104474438,"+",144,"SFXN2",118980
"chr10:104476371-104476468(+)","ENSG00000156398","chr10",104476371,104476468,"+",98,"SFXN2",118980
"chr10:104486369-104486554(+)","ENSG00000156398","chr10",104486369,104486554,"+",186,"SFXN2",118980
"chr10:104486744-104486914(+)","ENSG00000156398","chr10",104486744,104486914,"+",171,"SFXN2",118980
"chr10:104488188-104488286(+)","ENSG00000156398","chr10",104488188,104488286,"+",99,"SFXN2",118980
"chr10:104489076-104489147(+)","ENSG00000156398","chr10",104489076,104489147,"+",72,"SFXN2",118980
"chr10:104474297-104474438(+)","ENSG00000156398","chr10",104474297,104474438,"+",142,"SFXN2",118980
"chr10:104489076-104489151(+)","ENSG00000156398","chr10",104489076,104489151,"+",76,"SFXN2",118980
"chr10:104489480-104489565(+)","ENSG00000156398","chr10",104489480,104489565,"+",86,"SFXN2",118980
"chr10:104491480-104491540(+)","ENSG00000156398","chr10",104491480,104491540,"+",61,"SFXN2",118980
"chr10:104491909-104491975(+)","ENSG00000156398","chr10",104491909,104491975,"+",67,"SFXN2",118980
"chr10:104492616-104492665(+)","ENSG00000156398","chr10",104492616,104492665,"+",50,"SFXN2",118980
"chr10:104493311-104493360(+)","ENSG00000156398","chr10",104493311,104493360,"+",50,"SFXN2",118980
"chr10:104495619-104495666(+)","ENSG00000156398","chr10",104495619,104495666,"+",48,"SFXN2",118980
"chr10:104497420-104503249(+)","ENSG00000156398","chr10",104497420,104503249,"+",5830,"SFXN2",118980
"chr10:104474358-104474438(+)","ENSG00000156398","chr10",104474358,104474438,"+",81,"SFXN2",118980
"chr10:104488188-104488333(+)","ENSG00000156398","chr10",104488188,104488333,"+",146,"SFXN2",118980
"chr10:104474384-104474438(+)","ENSG00000156398","chr10",104474384,104474438,"+",55,"SFXN2",118980
"chr10:104476346-104476468(+)","ENSG00000156398","chr10",104476346,104476468,"+",123,"SFXN2",118980
"chr10:104497420-104498952(+)","ENSG00000156398","chr10",104497420,104498952,"+",1533,"SFXN2",118980
"chr10:104474388-104474438(+)","ENSG00000156398","chr10",104474388,104474438,"+",51,"SFXN2",118980
"chr10:104487432-104487548(+)","ENSG00000156398","chr10",104487432,104487548,"+",117,"SFXN2",118980
"chr10:104488188-104488268(+)","ENSG00000156398","chr10",104488188,104488268,"+",81,"SFXN2",118980
"chr10:104474392-104474752(+)","ENSG00000156398","chr10",104474392,104474752,"+",361,"SFXN2",118980
"chr10:104477460-104477537(+)","ENSG00000156398","chr10",104477460,104477537,"+",78,"SFXN2",118980
"chr10:104486369-104486414(+)","ENSG00000156398","chr10",104486369,104486414,"+",46,"SFXN2",118980
"chr10:104474393-104474438(+)","ENSG00000156398","chr10",104474393,104474438,"+",46,"SFXN2",118980
"chr10:104487432-104487459(+)","ENSG00000156398","chr10",104487432,104487459,"+",28,"SFXN2",118980
"chr10:104475991-104476086(+)","ENSG00000156398","chr10",104475991,104476086,"+",96,"SFXN2",118980
"chr10:104488188-104488242(+)","ENSG00000156398","chr10",104488188,104488242,"+",55,"SFXN2",118980
"chr10:104474980-104475085(+)","ENSG00000156398","chr10",104474980,104475085,"+",106,"SFXN2",118980
"chr10:104488188-104488260(+)","ENSG00000156398","chr10",104488188,104488260,"+",73,"SFXN2",118980
"chr10:104484693-104484753(+)","ENSG00000156398","chr10",104484693,104484753,"+",61,"SFXN2",118980
"chr10:104497420-104498946(+)","ENSG00000156398","chr10",104497420,104498946,"+",1527,"SFXN2",118980
"chr10:104474395-104474438(+)","ENSG00000156398","chr10",104474395,104474438,"+",44,"SFXN2",118980
"chr10:104486369-104486534(+)","ENSG00000156398","chr10",104486369,104486534,"+",166,"SFXN2",118980
"chr10:104487432-104487526(+)","ENSG00000156398","chr10",104487432,104487526,"+",95,"SFXN2",118980
"chr10:104474416-104474438(+)","ENSG00000156398","chr10",104474416,104474438,"+",23,"SFXN2",118980
"chr10:104489076-104489263(+)","ENSG00000156398","chr10",104489076,104489263,"+",188,"SFXN2",118980
"chr10:104486257-104486554(+)","ENSG00000156398","chr10",104486257,104486554,"+",298,"SFXN2",118980
"chr10:104489076-104489149(+)","ENSG00000156398","chr10",104489076,104489149,"+",74,"SFXN2",118980
"chr10:104503727-104503900(+)","ENSG00000166272","chr10",104503727,104503900,"+",174,"WBP1L",54838
"chr10:104557750-104557852(+)","ENSG00000166272","chr10",104557750,104557852,"+",103,"WBP1L",54838
"chr10:104569650-104569811(+)","ENSG00000166272","chr10",104569650,104569811,"+",162,"WBP1L",54838
"chr10:104572352-104575997(+)","ENSG00000166272","chr10",104572352,104575997,"+",3646,"WBP1L",54838
"chr10:104536006-104536174(+)","ENSG00000166272","chr10",104536006,104536174,"+",169,"WBP1L",54838
"chr10:104572352-104576021(+)","ENSG00000166272","chr10",104572352,104576021,"+",3670,"WBP1L",54838
"chr10:104563686-104563788(+)","ENSG00000252994","chr10",104563686,104563788,"+",103,"RNU6-1231P",NA
"chr10:104596822-104597290(-)","ENSG00000148795","chr10",104596822,104597290,"-",469,"CYP17A1",1586
"chr10:104595011-104595149(-)","ENSG00000148795","chr10",104595011,104595149,"-",139,"CYP17A1",1586
"chr10:104594542-104594771(-)","ENSG00000148795","chr10",104594542,104594771,"-",230,"CYP17A1",1586
"chr10:104593793-104593879(-)","ENSG00000148795","chr10",104593793,104593879,"-",87,"CYP17A1",1586
"chr10:104592750-104592965(-)","ENSG00000148795","chr10",104592750,104592965,"-",216,"CYP17A1",1586
"chr10:104592268-104592437(-)","ENSG00000148795","chr10",104592268,104592437,"-",170,"CYP17A1",1586
"chr10:104591265-104591368(-)","ENSG00000148795","chr10",104591265,104591368,"-",104,"CYP17A1",1586
"chr10:104590288-104590742(-)","ENSG00000148795","chr10",104590288,104590742,"-",455,"CYP17A1",1586
"chr10:104591265-104591460(-)","ENSG00000148795","chr10",104591265,104591460,"-",196,"CYP17A1",1586
"chr10:104590705-104590742(-)","ENSG00000148795","chr10",104590705,104590742,"-",38,"CYP17A1",1586
"chr10:104596822-104597171(-)","ENSG00000148795","chr10",104596822,104597171,"-",350,"CYP17A1",1586
"chr10:104595011-104595350(-)","ENSG00000148795","chr10",104595011,104595350,"-",340,"CYP17A1",1586
"chr10:104593232-104594771(-)","ENSG00000148795","chr10",104593232,104594771,"-",1540,"CYP17A1",1586
"chr10:104592478-104592628(+)","ENSG00000203886","chr10",104592478,104592628,"+",151,"CYP17A1-AS1",NA
"chr10:104593934-104594273(+)","ENSG00000203886","chr10",104593934,104594273,"+",340,"CYP17A1-AS1",NA
"chr10:104604941-104605230(-)","ENSG00000213061","chr10",104604941,104605230,"-",290,"PFN1P11",NA
"chr10:104597768-104597866(-)","ENSG00000213061","chr10",104597768,104597866,"-",99,"PFN1P11",NA
"chr10:104605352-104605707(+)","ENSG00000236937","chr10",104605352,104605707,"+",356,"PTGES3P4",NA
"chr10:104613980-104614184(+)","ENSG00000166275","chr10",104613980,104614184,"+",205,"C10orf32",119032
"chr10:104620089-104620151(+)","ENSG00000166275","chr10",104620089,104620151,"+",63,"C10orf32",119032
"chr10:104620255-104620298(+)","ENSG00000166275","chr10",104620255,104620298,"+",44,"C10orf32",119032
"chr10:104621917-104621937(+)","ENSG00000166275","chr10",104621917,104621937,"+",21,"C10orf32",119032
"chr10:104622630-104624718(+)","ENSG00000166275","chr10",104622630,104624718,"+",2089,"C10orf32",119032
"chr10:104614019-104614184(+)","ENSG00000166275","chr10",104614019,104614184,"+",166,"C10orf32",119032
"chr10:104622630-104622689(+)","ENSG00000166275","chr10",104622630,104622689,"+",60,"C10orf32",119032
"chr10:104623487-104623970(+)","ENSG00000166275","chr10",104623487,104623970,"+",484,"C10orf32",119032
"chr10:104614166-104614184(+)","ENSG00000166275","chr10",104614166,104614184,"+",19,"C10orf32",119032
"chr10:104620255-104620584(+)","ENSG00000166275","chr10",104620255,104620584,"+",330,"C10orf32",119032
"chr10:104614029-104614184(+)","ENSG00000270316","chr10",104614029,104614184,"+",156,"C10orf32-ASMT",119032
"chr10:104629562-104629602(+)","ENSG00000270316","chr10",104629562,104629602,"+",41,"C10orf32-ASMT",119032
"chr10:104629841-104629968(+)","ENSG00000270316","chr10",104629841,104629968,"+",128,"C10orf32-ASMT",119032
"chr10:104632205-104632355(+)","ENSG00000270316","chr10",104632205,104632355,"+",151,"C10orf32-ASMT",119032
"chr10:104632854-104632990(+)","ENSG00000270316","chr10",104632854,104632990,"+",137,"C10orf32-ASMT",119032
"chr10:104634349-104634418(+)","ENSG00000270316","chr10",104634349,104634418,"+",70,"C10orf32-ASMT",119032
"chr10:104636711-104636792(+)","ENSG00000270316","chr10",104636711,104636792,"+",82,"C10orf32-ASMT",119032
"chr10:104638136-104638267(+)","ENSG00000270316","chr10",104638136,104638267,"+",132,"C10orf32-ASMT",119032
"chr10:104638606-104638748(+)","ENSG00000270316","chr10",104638606,104638748,"+",143,"C10orf32-ASMT",119032
"chr10:104650301-104650435(+)","ENSG00000270316","chr10",104650301,104650435,"+",135,"C10orf32-ASMT",119032
"chr10:104660350-104661656(+)","ENSG00000270316","chr10",104660350,104661656,"+",1307,"C10orf32-ASMT",119032
"chr10:104628178-104628276(+)","ENSG00000201080","chr10",104628178,104628276,"+",99,"RNU6-372P",NA
"chr10:104629273-104629350(+)","ENSG00000214435","chr10",104629273,104629350,"+",78,"AS3MT",57412
"chr10:104647631-104647945(-)","ENSG00000235266","chr10",104647631,104647945,"-",315,"",NA
"chr10:104674342-104675161(+)","ENSG00000272912","chr10",104674342,104675161,"+",820,"",NA
"chr10:104678050-104679858(+)","ENSG00000148842","chr10",104678050,104679858,"+",1809,"CNNM2",54805
"chr10:104809464-104809607(+)","ENSG00000148842","chr10",104809464,104809607,"+",144,"CNNM2",54805
"chr10:104814086-104814223(+)","ENSG00000148842","chr10",104814086,104814223,"+",138,"CNNM2",54805
"chr10:104816552-104816721(+)","ENSG00000148842","chr10",104816552,104816721,"+",170,"CNNM2",54805
"chr10:104828386-104828479(+)","ENSG00000148842","chr10",104828386,104828479,"+",94,"CNNM2",54805
"chr10:104831531-104831596(+)","ENSG00000148842","chr10",104831531,104831596,"+",66,"CNNM2",54805
"chr10:104835843-104836027(+)","ENSG00000148842","chr10",104835843,104836027,"+",185,"CNNM2",54805
"chr10:104836728-104849978(+)","ENSG00000148842","chr10",104836728,104849978,"+",13251,"CNNM2",54805
"chr10:104678074-104679858(+)","ENSG00000148842","chr10",104678074,104679858,"+",1785,"CNNM2",54805
"chr10:104687102-104687375(+)","ENSG00000148842","chr10",104687102,104687375,"+",274,"CNNM2",54805
"chr10:104678114-104679858(+)","ENSG00000148842","chr10",104678114,104679858,"+",1745,"CNNM2",54805
"chr10:104836728-104838108(+)","ENSG00000148842","chr10",104836728,104838108,"+",1381,"CNNM2",54805
"chr10:104828193-104828479(+)","ENSG00000148842","chr10",104828193,104828479,"+",287,"CNNM2",54805
"chr10:104836728-104836786(+)","ENSG00000148842","chr10",104836728,104836786,"+",59,"CNNM2",54805
"chr10:104952993-104953056(-)","ENSG00000076685","chr10",104952993,104953056,"-",64,"NT5C2",22978
"chr10:104934615-104934739(-)","ENSG00000076685","chr10",104934615,104934739,"-",125,"NT5C2",22978
"chr10:104899163-104899236(-)","ENSG00000076685","chr10",104899163,104899236,"-",74,"NT5C2",22978
"chr10:104866346-104866463(-)","ENSG00000076685","chr10",104866346,104866463,"-",118,"NT5C2",22978
"chr10:104865463-104865558(-)","ENSG00000076685","chr10",104865463,104865558,"-",96,"NT5C2",22978
"chr10:104860992-104861083(-)","ENSG00000076685","chr10",104860992,104861083,"-",92,"NT5C2",22978
"chr10:104860802-104860859(-)","ENSG00000076685","chr10",104860802,104860859,"-",58,"NT5C2",22978
"chr10:104859683-104859776(-)","ENSG00000076685","chr10",104859683,104859776,"-",94,"NT5C2",22978
"chr10:104858688-104858741(-)","ENSG00000076685","chr10",104858688,104858741,"-",54,"NT5C2",22978
"chr10:104857048-104857131(-)","ENSG00000076685","chr10",104857048,104857131,"-",84,"NT5C2",22978
"chr10:104855696-104855737(-)","ENSG00000076685","chr10",104855696,104855737,"-",42,"NT5C2",22978
"chr10:104854105-104854212(-)","ENSG00000076685","chr10",104854105,104854212,"-",108,"NT5C2",22978
"chr10:104853729-104853795(-)","ENSG00000076685","chr10",104853729,104853795,"-",67,"NT5C2",22978
"chr10:104852896-104853066(-)","ENSG00000076685","chr10",104852896,104853066,"-",171,"NT5C2",22978
"chr10:104851321-104851372(-)","ENSG00000076685","chr10",104851321,104851372,"-",52,"NT5C2",22978
"chr10:104850693-104850753(-)","ENSG00000076685","chr10",104850693,104850753,"-",61,"NT5C2",22978
"chr10:104850368-104850544(-)","ENSG00000076685","chr10",104850368,104850544,"-",177,"NT5C2",22978
"chr10:104845940-104849665(-)","ENSG00000076685","chr10",104845940,104849665,"-",3726,"NT5C2",22978
"chr10:104847774-104849665(-)","ENSG00000076685","chr10",104847774,104849665,"-",1892,"NT5C2",22978
"chr10:104952993-104953029(-)","ENSG00000076685","chr10",104952993,104953029,"-",37,"NT5C2",22978
"chr10:104871502-104871562(-)","ENSG00000076685","chr10",104871502,104871562,"-",61,"NT5C2",22978
"chr10:104865115-104865138(-)","ENSG00000076685","chr10",104865115,104865138,"-",24,"NT5C2",22978
"chr10:104860420-104860700(-)","ENSG00000076685","chr10",104860420,104860700,"-",281,"NT5C2",22978
"chr10:104848674-104849665(-)","ENSG00000076685","chr10",104848674,104849665,"-",992,"NT5C2",22978
"chr10:104913048-104913384(-)","ENSG00000076685","chr10",104913048,104913384,"-",337,"NT5C2",22978
"chr10:104849342-104849665(-)","ENSG00000076685","chr10",104849342,104849665,"-",324,"NT5C2",22978
"chr10:104854105-104854125(-)","ENSG00000076685","chr10",104854105,104854125,"-",21,"NT5C2",22978
"chr10:104849598-104849665(-)","ENSG00000076685","chr10",104849598,104849665,"-",68,"NT5C2",22978
"chr10:104854105-104854292(-)","ENSG00000076685","chr10",104854105,104854292,"-",188,"NT5C2",22978
"chr10:104853489-104853795(-)","ENSG00000076685","chr10",104853489,104853795,"-",307,"NT5C2",22978
"chr10:104952993-104953055(-)","ENSG00000076685","chr10",104952993,104953055,"-",63,"NT5C2",22978
"chr10:104857065-104857131(-)","ENSG00000076685","chr10",104857065,104857131,"-",67,"NT5C2",22978
"chr10:104866346-104866407(-)","ENSG00000076685","chr10",104866346,104866407,"-",62,"NT5C2",22978
"chr10:104857729-104857845(-)","ENSG00000076685","chr10",104857729,104857845,"-",117,"NT5C2",22978
"chr10:104865463-104865516(-)","ENSG00000076685","chr10",104865463,104865516,"-",54,"NT5C2",22978
"chr10:104858149-104858741(-)","ENSG00000076685","chr10",104858149,104858741,"-",593,"NT5C2",22978
"chr10:104866346-104866441(-)","ENSG00000076685","chr10",104866346,104866441,"-",96,"NT5C2",22978
"chr10:104860509-104860700(-)","ENSG00000076685","chr10",104860509,104860700,"-",192,"NT5C2",22978
"chr10:104858728-104858741(-)","ENSG00000076685","chr10",104858728,104858741,"-",14,"NT5C2",22978
"chr10:104899874-104899949(-)","ENSG00000076685","chr10",104899874,104899949,"-",76,"NT5C2",22978
"chr10:104866346-104866444(-)","ENSG00000076685","chr10",104866346,104866444,"-",99,"NT5C2",22978
"chr10:104860625-104860700(-)","ENSG00000076685","chr10",104860625,104860700,"-",76,"NT5C2",22978
"chr10:104940942-104941077(-)","ENSG00000076685","chr10",104940942,104941077,"-",136,"NT5C2",22978
"chr10:104929041-104929206(-)","ENSG00000076685","chr10",104929041,104929206,"-",166,"NT5C2",22978
"chr10:104884774-104885173(-)","ENSG00000237827","chr10",104884774,104885173,"-",400,"",NA
"chr10:104935311-104935851(+)","ENSG00000213277","chr10",104935311,104935851,"+",541,"MARCKSL1P1",NA
"chr10:104975466-104976557(+)","ENSG00000229256","chr10",104975466,104976557,"+",1092,"ST13P13",NA
"chr10:105005644-105007773(+)","ENSG00000235376","chr10",105005644,105007773,"+",2130,"RPEL1",729020
"chr10:105036920-105038033(+)","ENSG00000148798","chr10",105036920,105038033,"+",1114,"INA",9118
"chr10:105046792-105046916(+)","ENSG00000148798","chr10",105046792,105046916,"+",125,"INA",9118
"chr10:105048117-105050108(+)","ENSG00000148798","chr10",105048117,105050108,"+",1992,"INA",9118
"chr10:105110464-105110836(-)","ENSG00000156374","chr10",105110464,105110836,"-",373,"PCGF6",84108
"chr10:105108657-105108756(-)","ENSG00000156374","chr10",105108657,105108756,"-",100,"PCGF6",84108
"chr10:105108473-105108569(-)","ENSG00000156374","chr10",105108473,105108569,"-",97,"PCGF6",84108
"chr10:105093682-105093709(-)","ENSG00000156374","chr10",105093682,105093709,"-",28,"PCGF6",84108
"chr10:105086291-105086389(-)","ENSG00000156374","chr10",105086291,105086389,"-",99,"PCGF6",84108
"chr10:105073943-105074029(-)","ENSG00000156374","chr10",105073943,105074029,"-",87,"PCGF6",84108
"chr10:105062553-105063718(-)","ENSG00000156374","chr10",105062553,105063718,"-",1166,"PCGF6",84108
"chr10:105110464-105110891(-)","ENSG00000156374","chr10",105110464,105110891,"-",428,"PCGF6",84108
"chr10:105107152-105107207(-)","ENSG00000156374","chr10",105107152,105107207,"-",56,"PCGF6",84108
"chr10:105106995-105107054(-)","ENSG00000156374","chr10",105106995,105107054,"-",60,"PCGF6",84108
"chr10:105104781-105104889(-)","ENSG00000156374","chr10",105104781,105104889,"-",109,"PCGF6",84108
"chr10:105110464-105110838(-)","ENSG00000156374","chr10",105110464,105110838,"-",375,"PCGF6",84108
"chr10:105106995-105107076(-)","ENSG00000156374","chr10",105106995,105107076,"-",82,"PCGF6",84108
"chr10:105062884-105063718(-)","ENSG00000156374","chr10",105062884,105063718,"-",835,"PCGF6",84108
"chr10:105108657-105108696(-)","ENSG00000156374","chr10",105108657,105108696,"-",40,"PCGF6",84108
"chr10:105108112-105108569(-)","ENSG00000156374","chr10",105108112,105108569,"-",458,"PCGF6",84108
"chr10:105072193-105072325(-)","ENSG00000212413","chr10",105072193,105072325,"-",133,"RNU11-3P",NA
"chr10:105127724-105128305(+)","ENSG00000148835","chr10",105127724,105128305,"+",582,"TAF5",6877
"chr10:105133115-105133352(+)","ENSG00000148835","chr10",105133115,105133352,"+",238,"TAF5",6877
"chr10:105137992-105138307(+)","ENSG00000148835","chr10",105137992,105138307,"+",316,"TAF5",6877
"chr10:105139365-105139528(+)","ENSG00000148835","chr10",105139365,105139528,"+",164,"TAF5",6877
"chr10:105139641-105139776(+)","ENSG00000148835","chr10",105139641,105139776,"+",136,"TAF5",6877
"chr10:105141478-105141598(+)","ENSG00000148835","chr10",105141478,105141598,"+",121,"TAF5",6877
"chr10:105142995-105143124(+)","ENSG00000148835","chr10",105142995,105143124,"+",130,"TAF5",6877
"chr10:105145083-105145247(+)","ENSG00000148835","chr10",105145083,105145247,"+",165,"TAF5",6877
"chr10:105146932-105147109(+)","ENSG00000148835","chr10",105146932,105147109,"+",178,"TAF5",6877
"chr10:105147278-105147455(+)","ENSG00000148835","chr10",105147278,105147455,"+",178,"TAF5",6877
"chr10:105147763-105148822(+)","ENSG00000148835","chr10",105147763,105148822,"+",1060,"TAF5",6877
"chr10:105147763-105148818(+)","ENSG00000148835","chr10",105147763,105148818,"+",1056,"TAF5",6877
"chr10:105155503-105155780(-)","ENSG00000173915","chr10",105155503,105155780,"-",278,"USMG5",84833
"chr10:105153956-105154151(-)","ENSG00000173915","chr10",105153956,105154151,"-",196,"USMG5",84833
"chr10:105152128-105152223(-)","ENSG00000173915","chr10",105152128,105152223,"-",96,"USMG5",84833
"chr10:105151948-105152040(-)","ENSG00000173915","chr10",105151948,105152040,"-",93,"USMG5",84833
"chr10:105148798-105148923(-)","ENSG00000173915","chr10",105148798,105148923,"-",126,"USMG5",84833
"chr10:105155503-105155831(-)","ENSG00000173915","chr10",105155503,105155831,"-",329,"USMG5",84833
"chr10:105148807-105148923(-)","ENSG00000173915","chr10",105148807,105148923,"-",117,"USMG5",84833
"chr10:105156166-105156198(-)","ENSG00000173915","chr10",105156166,105156198,"-",33,"USMG5",84833
"chr10:105155503-105155789(-)","ENSG00000173915","chr10",105155503,105155789,"-",287,"USMG5",84833
"chr10:105156166-105156223(-)","ENSG00000173915","chr10",105156166,105156223,"-",58,"USMG5",84833
"chr10:105154010-105154158(-)","ENSG00000221767","chr10",105154010,105154158,"-",149,"MIR1307",100302174
"chr10:105156405-105156487(+)","ENSG00000148843","chr10",105156405,105156487,"+",83,"PDCD11",22984
"chr10:105158173-105158285(+)","ENSG00000148843","chr10",105158173,105158285,"+",113,"PDCD11",22984
"chr10:105160154-105160285(+)","ENSG00000148843","chr10",105160154,105160285,"+",132,"PDCD11",22984
"chr10:105162875-105163042(+)","ENSG00000148843","chr10",105162875,105163042,"+",168,"PDCD11",22984
"chr10:105164779-105164940(+)","ENSG00000148843","chr10",105164779,105164940,"+",162,"PDCD11",22984
"chr10:105165742-105165865(+)","ENSG00000148843","chr10",105165742,105165865,"+",124,"PDCD11",22984
"chr10:105166366-105166547(+)","ENSG00000148843","chr10",105166366,105166547,"+",182,"PDCD11",22984
"chr10:105169456-105169563(+)","ENSG00000148843","chr10",105169456,105169563,"+",108,"PDCD11",22984
"chr10:105172873-105173079(+)","ENSG00000148843","chr10",105172873,105173079,"+",207,"PDCD11",22984
"chr10:105173723-105173847(+)","ENSG00000148843","chr10",105173723,105173847,"+",125,"PDCD11",22984
"chr10:105174027-105174087(+)","ENSG00000148843","chr10",105174027,105174087,"+",61,"PDCD11",22984
"chr10:105174762-105174908(+)","ENSG00000148843","chr10",105174762,105174908,"+",147,"PDCD11",22984
"chr10:105176248-105176499(+)","ENSG00000148843","chr10",105176248,105176499,"+",252,"PDCD11",22984
"chr10:105177549-105177689(+)","ENSG00000148843","chr10",105177549,105177689,"+",141,"PDCD11",22984
"chr10:105178197-105178391(+)","ENSG00000148843","chr10",105178197,105178391,"+",195,"PDCD11",22984
"chr10:105179295-105179465(+)","ENSG00000148843","chr10",105179295,105179465,"+",171,"PDCD11",22984
"chr10:105181105-105181324(+)","ENSG00000148843","chr10",105181105,105181324,"+",220,"PDCD11",22984
"chr10:105182745-105182894(+)","ENSG00000148843","chr10",105182745,105182894,"+",150,"PDCD11",22984
"chr10:105183300-105183415(+)","ENSG00000148843","chr10",105183300,105183415,"+",116,"PDCD11",22984
"chr10:105184741-105185282(+)","ENSG00000148843","chr10",105184741,105185282,"+",542,"PDCD11",22984
"chr10:105187086-105187148(+)","ENSG00000148843","chr10",105187086,105187148,"+",63,"PDCD11",22984
"chr10:105191886-105191991(+)","ENSG00000148843","chr10",105191886,105191991,"+",106,"PDCD11",22984
"chr10:105193705-105193794(+)","ENSG00000148843","chr10",105193705,105193794,"+",90,"PDCD11",22984
"chr10:105194005-105194107(+)","ENSG00000148843","chr10",105194005,105194107,"+",103,"PDCD11",22984
"chr10:105194555-105194732(+)","ENSG00000148843","chr10",105194555,105194732,"+",178,"PDCD11",22984
"chr10:105197772-105197828(+)","ENSG00000148843","chr10",105197772,105197828,"+",57,"PDCD11",22984
"chr10:105198443-105198565(+)","ENSG00000148843","chr10",105198443,105198565,"+",123,"PDCD11",22984
"chr10:105199503-105199625(+)","ENSG00000148843","chr10",105199503,105199625,"+",123,"PDCD11",22984
"chr10:105200047-105200338(+)","ENSG00000148843","chr10",105200047,105200338,"+",292,"PDCD11",22984
"chr10:105200491-105200607(+)","ENSG00000148843","chr10",105200491,105200607,"+",117,"PDCD11",22984
"chr10:105201583-105201732(+)","ENSG00000148843","chr10",105201583,105201732,"+",150,"PDCD11",22984
"chr10:105201970-105202217(+)","ENSG00000148843","chr10",105201970,105202217,"+",248,"PDCD11",22984
"chr10:105202922-105203090(+)","ENSG00000148843","chr10",105202922,105203090,"+",169,"PDCD11",22984
"chr10:105203672-105203825(+)","ENSG00000148843","chr10",105203672,105203825,"+",154,"PDCD11",22984
"chr10:105204274-105204439(+)","ENSG00000148843","chr10",105204274,105204439,"+",166,"PDCD11",22984
"chr10:105205135-105206049(+)","ENSG00000148843","chr10",105205135,105206049,"+",915,"PDCD11",22984
"chr10:105156407-105156487(+)","ENSG00000148843","chr10",105156407,105156487,"+",81,"PDCD11",22984
"chr10:105159404-105159587(+)","ENSG00000148843","chr10",105159404,105159587,"+",184,"PDCD11",22984
"chr10:105164779-105164832(+)","ENSG00000148843","chr10",105164779,105164832,"+",54,"PDCD11",22984
"chr10:105162984-105163042(+)","ENSG00000148843","chr10",105162984,105163042,"+",59,"PDCD11",22984
"chr10:105164779-105165129(+)","ENSG00000148843","chr10",105164779,105165129,"+",351,"PDCD11",22984
"chr10:105184741-105184841(+)","ENSG00000148843","chr10",105184741,105184841,"+",101,"PDCD11",22984
"chr10:105193750-105193794(+)","ENSG00000148843","chr10",105193750,105193794,"+",45,"PDCD11",22984
"chr10:105194005-105194459(+)","ENSG00000148843","chr10",105194005,105194459,"+",455,"PDCD11",22984
"chr10:105204070-105204439(+)","ENSG00000148843","chr10",105204070,105204439,"+",370,"PDCD11",22984
"chr10:105205135-105205481(+)","ENSG00000148843","chr10",105205135,105205481,"+",347,"PDCD11",22984
"chr10:105211913-105212159(-)","ENSG00000138172","chr10",105211913,105212159,"-",247,"CALHM2",51063
"chr10:105210840-105210939(-)","ENSG00000138172","chr10",105210840,105210939,"-",100,"CALHM2",51063
"chr10:105209144-105209856(-)","ENSG00000138172","chr10",105209144,105209856,"-",713,"CALHM2",51063
"chr10:105206543-105207325(-)","ENSG00000138172","chr10",105206543,105207325,"-",783,"CALHM2",51063
"chr10:105211913-105212075(-)","ENSG00000138172","chr10",105211913,105212075,"-",163,"CALHM2",51063
"chr10:105210840-105211042(-)","ENSG00000138172","chr10",105210840,105211042,"-",203,"CALHM2",51063
"chr10:105206546-105207325(-)","ENSG00000138172","chr10",105206546,105207325,"-",780,"CALHM2",51063
"chr10:105212422-105212660(-)","ENSG00000138172","chr10",105212422,105212660,"-",239,"CALHM2",51063
"chr10:105208871-105210557(-)","ENSG00000138172","chr10",105208871,105210557,"-",1687,"CALHM2",51063
"chr10:105210840-105211329(-)","ENSG00000138172","chr10",105210840,105211329,"-",490,"CALHM2",51063
"chr10:105209382-105209856(-)","ENSG00000138172","chr10",105209382,105209856,"-",475,"CALHM2",51063
"chr10:105211913-105212093(-)","ENSG00000138172","chr10",105211913,105212093,"-",181,"CALHM2",51063
"chr10:105211636-105211793(-)","ENSG00000138172","chr10",105211636,105211793,"-",158,"CALHM2",51063
"chr10:105209456-105209691(-)","ENSG00000138172","chr10",105209456,105209691,"-",236,"CALHM2",51063
"chr10:105211913-105212044(-)","ENSG00000138172","chr10",105211913,105212044,"-",132,"CALHM2",51063
"chr10:105209782-105210557(-)","ENSG00000138172","chr10",105209782,105210557,"-",776,"CALHM2",51063
"chr10:105211913-105212148(-)","ENSG00000138172","chr10",105211913,105212148,"-",236,"CALHM2",51063
"chr10:105210053-105210557(-)","ENSG00000138172","chr10",105210053,105210557,"-",505,"CALHM2",51063
"chr10:105210840-105211345(-)","ENSG00000138172","chr10",105210840,105211345,"-",506,"CALHM2",51063
"chr10:105210169-105210557(-)","ENSG00000138172","chr10",105210169,105210557,"-",389,"CALHM2",51063
"chr10:105209953-105210609(+)","ENSG00000273485","chr10",105209953,105210609,"+",657,"",NA
"chr10:105212603-105212993(+)","ENSG00000234699","chr10",105212603,105212993,"+",391,"",NA
"chr10:105222187-105222452(+)","ENSG00000234699","chr10",105222187,105222452,"+",266,"",NA
"chr10:105217954-105218645(-)","ENSG00000185933","chr10",105217954,105218645,"-",692,"CALHM1",255022
"chr10:105213144-105215504(-)","ENSG00000185933","chr10",105213144,105215504,"-",2361,"CALHM1",255022
"chr10:105238503-105238997(-)","ENSG00000183128","chr10",105238503,105238997,"-",495,"CALHM3",119395
"chr10:105236051-105236306(-)","ENSG00000183128","chr10",105236051,105236306,"-",256,"CALHM3",119395
"chr10:105232561-105233461(-)","ENSG00000183128","chr10",105232561,105233461,"-",901,"CALHM3",119395
"chr10:105277143-105277150(-)","ENSG00000235470","chr10",105277143,105277150,"-",8,"",NA
"chr10:105275098-105275159(-)","ENSG00000235470","chr10",105275098,105275159,"-",62,"",NA
"chr10:105254318-105254492(-)","ENSG00000235470","chr10",105254318,105254492,"-",175,"",NA
"chr10:105239360-105239754(-)","ENSG00000235470","chr10",105239360,105239754,"-",395,"",NA
"chr10:105271536-105271912(-)","ENSG00000235470","chr10",105271536,105271912,"-",377,"",NA
"chr10:105253736-105254229(+)","ENSG00000107954","chr10",105253736,105254229,"+",494,"NEURL1",9148
"chr10:105330629-105330870(+)","ENSG00000107954","chr10",105330629,105330870,"+",242,"NEURL1",9148
"chr10:105331258-105331579(+)","ENSG00000107954","chr10",105331258,105331579,"+",322,"NEURL1",9148
"chr10:105344293-105344982(+)","ENSG00000107954","chr10",105344293,105344982,"+",690,"NEURL1",9148
"chr10:105349271-105349417(+)","ENSG00000107954","chr10",105349271,105349417,"+",147,"NEURL1",9148
"chr10:105349891-105352309(+)","ENSG00000107954","chr10",105349891,105352309,"+",2419,"NEURL1",9148
"chr10:105314989-105315170(+)","ENSG00000107954","chr10",105314989,105315170,"+",182,"NEURL1",9148
"chr10:105315137-105315170(+)","ENSG00000107954","chr10",105315137,105315170,"+",34,"NEURL1",9148
"chr10:105317842-105318005(+)","ENSG00000107954","chr10",105317842,105318005,"+",164,"NEURL1",9148
"chr10:105331258-105331479(+)","ENSG00000107954","chr10",105331258,105331479,"+",222,"NEURL1",9148
"chr10:105331434-105331579(+)","ENSG00000107954","chr10",105331434,105331579,"+",146,"NEURL1",9148
"chr10:105337359-105337659(+)","ENSG00000107954","chr10",105337359,105337659,"+",301,"NEURL1",9148
"chr10:105308832-105308909(+)","ENSG00000226431","chr10",105308832,105308909,"+",78,"",NA
"chr10:105310276-105310721(+)","ENSG00000226431","chr10",105310276,105310721,"+",446,"",NA
"chr10:105452786-105452930(-)","ENSG00000107957","chr10",105452786,105452930,"-",145,"SH3PXD2A",9644
"chr10:105420741-105420872(-)","ENSG00000107957","chr10",105420741,105420872,"-",132,"SH3PXD2A",9644
"chr10:105386846-105386959(-)","ENSG00000107957","chr10",105386846,105386959,"-",114,"SH3PXD2A",9644
"chr10:105382227-105382310(-)","ENSG00000107957","chr10",105382227,105382310,"-",84,"SH3PXD2A",9644
"chr10:105376954-105377071(-)","ENSG00000107957","chr10",105376954,105377071,"-",118,"SH3PXD2A",9644
"chr10:105372610-105372947(-)","ENSG00000107957","chr10",105372610,105372947,"-",338,"SH3PXD2A",9644
"chr10:105371338-105371387(-)","ENSG00000107957","chr10",105371338,105371387,"-",50,"SH3PXD2A",9644
"chr10:105348285-105348696(-)","ENSG00000107957","chr10",105348285,105348696,"-",412,"SH3PXD2A",9644
"chr10:105614953-105615301(-)","ENSG00000107957","chr10",105614953,105615301,"-",349,"SH3PXD2A",9644
"chr10:105561040-105561120(-)","ENSG00000107957","chr10",105561040,105561120,"-",81,"SH3PXD2A",9644
"chr10:105526852-105526927(-)","ENSG00000107957","chr10",105526852,105526927,"-",76,"SH3PXD2A",9644
"chr10:105495490-105495566(-)","ENSG00000107957","chr10",105495490,105495566,"-",77,"SH3PXD2A",9644
"chr10:105484028-105484119(-)","ENSG00000107957","chr10",105484028,105484119,"-",92,"SH3PXD2A",9644
"chr10:105452786-105452814(-)","ENSG00000107957","chr10",105452786,105452814,"-",29,"SH3PXD2A",9644
"chr10:105428366-105428410(-)","ENSG00000107957","chr10",105428366,105428410,"-",45,"SH3PXD2A",9644
"chr10:105365555-105365674(-)","ENSG00000107957","chr10",105365555,105365674,"-",120,"SH3PXD2A",9644
"chr10:105353784-105363546(-)","ENSG00000107957","chr10",105353784,105363546,"-",9763,"SH3PXD2A",9644
"chr10:105614953-105615164(-)","ENSG00000107957","chr10",105614953,105615164,"-",212,"SH3PXD2A",9644
"chr10:105353786-105363546(-)","ENSG00000107957","chr10",105353786,105363546,"-",9761,"SH3PXD2A",9644
"chr10:105453358-105453381(-)","ENSG00000107957","chr10",105453358,105453381,"-",24,"SH3PXD2A",9644
"chr10:105453092-105453236(-)","ENSG00000107957","chr10",105453092,105453236,"-",145,"SH3PXD2A",9644
"chr10:105433196-105433314(-)","ENSG00000107957","chr10",105433196,105433314,"-",119,"SH3PXD2A",9644
"chr10:105359277-105363546(-)","ENSG00000107957","chr10",105359277,105363546,"-",4270,"SH3PXD2A",9644
"chr10:105437839-105437922(-)","ENSG00000107957","chr10",105437839,105437922,"-",84,"SH3PXD2A",9644
"chr10:105361470-105363546(-)","ENSG00000107957","chr10",105361470,105363546,"-",2077,"SH3PXD2A",9644
"chr10:105561040-105561055(-)","ENSG00000107957","chr10",105561040,105561055,"-",16,"SH3PXD2A",9644
"chr10:105361503-105363546(-)","ENSG00000107957","chr10",105361503,105363546,"-",2044,"SH3PXD2A",9644
"chr10:105421395-105421462(-)","ENSG00000107957","chr10",105421395,105421462,"-",68,"SH3PXD2A",9644
"chr10:105361532-105363546(-)","ENSG00000107957","chr10",105361532,105363546,"-",2015,"SH3PXD2A",9644
"chr10:105368376-105369807(+)","ENSG00000273108","chr10",105368376,105369807,"+",1432,"",NA
"chr10:105432916-105433023(+)","ENSG00000222503","chr10",105432916,105433023,"+",108,"",NA
