"","name","R2","Dist","hg19chrc","snpid","a1","a2","bp","info","or","se","p","ngt","chrpos","LIBD_COUNTED","LIBD_REF"
"rs11191419","rs11191419",1,0,"chr10","rs11191419","A","T",104612335,0.951,0.90665,0.0114,9.235e-18,0,"chr10:104612335","A","T"
"rs12219247","rs12219247",0.883,1.03,"chr10","rs12219247","A","G",104613361,0.996,1.09713,0.0111,6.437e-17,0,"chr10:104613361","G","A"
"rs12241517","rs12241517",0.877,8.73,"chr10","rs12241517","A","G",104621068,0.997,1.09724,0.0111,6.285e-17,0,"chr10:104621068","G","A"
"rs11191424","rs11191424",0.877,13.6,"chr10","rs11191424","A","G",104625886,1,0.91019,0.0111,1.824e-17,0,"chr10:104625886","A","G"
"rs7085104","rs7085104",0.877,16.5,"chr10","rs7085104","A","G",104628873,1,1.09878,0.0111,1.702e-17,15,"chr10:104628873","G","A"
"rs7096169","rs7096169",0.871,6.36,"chr10","rs7096169","A","G",104618695,1,1.09724,0.0111,4.807e-17,31,"chr10:104618695","G","A"
"rs12219246","rs12219246",0.81,1.02,"chr10","rs12219246","A","G",104613355,0.997,1.09417,0.011,2.217e-16,0,"chr10:104613355","G","A"
"rs3740400","rs3740400",0.81,17.1,"chr10","rs3740400","T","G",104629465,1,1.09593,0.011,6.004e-17,0,"chr10:104629465","G","T"
"rs7904113","rs7904113",0.81,20.8,"chr10","rs7904113","T","G",104633114,0.997,0.91174,0.011,3.494e-17,0,"chr10:104633114","T","G"
"rs4917985","rs4917985",0.81,11.7,"chr10","rs4917985","A","G",104624072,1,0.91284,0.0109,7.46e-17,14,"chr10:104624072","A","G"
"rs10786716","rs10786716",0.81,12.8,"chr10","rs10786716","T","C",104625178,1,1.09549,0.0109,7.453e-17,0,"chr10:104625178","C","T"
"rs7100530","rs7100530",0.81,7.11,"chr10","rs7100530","A","G",104619448,1,1.09439,0.0109,1.599e-16,0,"chr10:104619448","G","A"
"rs7096249","rs7096249",0.81,6.19,"chr10","rs7096249","A","G",104618524,1,0.91375,0.0109,1.661e-16,0,"chr10:104618524","A","G"
"rs12765337","rs12765337",0.81,23,"chr10","rs12765337","C","G",104635344,0.996,0.91128,0.011,2.641e-17,0,"chr10:104635344","C","G"
"rs4919691","rs4919691",0.805,12.1,"chr10","rs4919691","T","G",104624475,1,1.09483,0.0109,1.188e-16,13,"chr10:104624475","G","T"
"rs10786715","rs10786715",0.805,8.4,"chr10","rs10786715","C","G",104620735,0.999,0.91375,0.0109,1.704e-16,0,"chr10:104620735","C","G"
"rs12770034","rs12770034",0.803,23.3,"chr10","rs12770034","A","G",104635595,0.994,1.09735,0.011,2.939e-17,0,"chr10:104635595","G","A"
"rs12244388","rs12244388",0.783,27.7,"chr10","rs12244388","A","G",104640052,1,0.90992,0.011,1.087e-17,0,"chr10:104640052","A","G"
"chr10_104629793_I","chr10_104629793_I",0.778,17.5,"chr10","chr10_104629793_I","D","I4",104629793,0.985,1.09319,0.0111,8.696e-16,0,"chr10:104629793","GCTC","G"
"rs7896519","rs7896519",0.757,255,"chr10","rs7896519","T","C",104866863,0.999,0.91065,0.011,1.739e-17,1,"chr10:104866863","T","C"
"rs6163","rs6163",0.744,-15.4,"chr10","rs6163","A","C",104596924,1.01,0.92914,0.0108,8.689e-12,32,"chr10:104596924","A","C"
"rs743572","rs743572",0.744,-15.2,"chr10","rs743572","A","G",104597152,1.01,1.07659,0.0108,7.126e-12,16,"chr10:104597152","G","A"
"rs3781286","rs3781286",0.744,-16.6,"chr10","rs3781286","T","C",104595719,1.01,0.92932,0.0108,9.68e-12,0,"chr10:104595719","T","C"
"rs4919689","rs4919689",0.744,-6.44,"chr10","rs4919689","A","G",104605892,1,0.92941,0.0108,1.057e-11,0,"chr10:104605892","A","G"
"rs7077863","rs7077863",0.739,-6.28,"chr10","rs7077863","T","C",104606060,0.962,1.07832,0.0111,1.15e-11,0,"chr10:104606060","C","T"
"rs7092690","rs7092690",0.739,-2.97,"chr10","rs7092690","T","C",104609365,1,1.07584,0.0108,1.099e-11,0,"chr10:104609365","C","T"
"rs10883785","rs10883785",0.739,-8.75,"chr10","rs10883785","A","G",104603588,1,1.07638,0.0108,8.239e-12,0,"chr10:104603588","G","A"
"rs7096183","rs7096183",0.739,-2.87,"chr10","rs7096183","T","C",104609466,1,1.07584,0.0108,1.101e-11,0,"chr10:104609466","C","T"
"rs2150927","rs2150927",0.739,-13,"chr10","rs2150927","A","G",104599323,1.01,0.92923,0.0108,9.138e-12,0,"chr10:104599323","A","G"
"rs3740397","rs3740397",0.727,-19.7,"chr10","rs3740397","C","G",104592675,1,0.92867,0.0108,6.725e-12,0,"chr10:104592675","C","G"
"chr10_104621474_D","chr10_104621474_D",0.72,9.14,"chr10","chr10_104621474_D","I2","D",104621474,0.944,1.09024,0.0114,3.643e-14,0,"chr10:104621474","C","CA"
"rs10786712","rs10786712",0.719,-15.9,"chr10","rs10786712","T","C",104596396,1,0.92904,0.0108,7.911e-12,18,"chr10:104596396","T","C"
"rs7902804","rs7902804",0.714,-26.9,"chr10","rs7902804","A","T",104585405,1,1.07616,0.0108,9.566e-12,0,"chr10:104585405","T","A"
"rs28606370","rs28606370",0.701,58.5,"chr10","rs28606370","A","C",104670832,0.966,0.90992,0.0113,6.918e-17,0,"chr10:104670832","A","C"
"rs12265066","rs12265066",0.699,-10.1,"chr10","rs12265066","T","C",104602215,0.906,1.07509,0.0115,3.521e-10,0,"chr10:104602215","C","T"
"rs10786713","rs10786713",0.688,-14,"chr10","rs10786713","A","G",104598322,0.997,1.07358,0.0107,3.8e-11,0,"chr10:104598322","G","A"
"rs6162","rs6162",0.684,-15.4,"chr10","rs6162","A","G",104596981,1,0.93062,0.0107,1.783e-11,2,"chr10:104596981","A","G"
"rs3781287","rs3781287",0.684,-16.9,"chr10","rs3781287","T","G",104595420,1,1.07444,0.0107,1.836e-11,32,"chr10:104595420","G","T"
"rs7096475","rs7096475",0.68,-2.66,"chr10","rs7096475","T","C",104609676,1,1.07369,0.0107,2.992e-11,18,"chr10:104609676","C","T"
"rs7097872","rs7097872",0.68,-5.7,"chr10","rs7097872","T","C",104606636,1,0.93072,0.0107,1.918e-11,0,"chr10:104606636","T","C"
"rs4290163","rs4290163",0.68,-1.41,"chr10","rs4290163","T","G",104610926,1,0.93034,0.0107,1.481e-11,16,"chr10:104610926","T","G"
"rs11191414","rs11191414",0.674,-10.8,"chr10","rs11191414","A","T",104601565,1,1.07466,0.0107,1.619e-11,0,"chr10:104601565","T","A"
"rs4919683","rs4919683",0.667,-27.2,"chr10","rs4919683","A","C",104585125,1,0.93239,0.0107,5.71e-11,50,"chr10:104585125","A","C"
"rs10786717","rs10786717",0.649,12.9,"chr10","rs10786717","A","G",104625237,0.888,1.10418,0.0122,4.121e-16,0,"chr10:104625237","G","A"
"rs9663140","rs9663140",0.633,57.3,"chr10","rs9663140","T","C",104669621,0.999,1.08632,0.0107,1.201e-14,0,"chr10:104669621","C","T"
"rs1971589","rs1971589",0.627,132,"chr10","rs1971589","A","G",104744406,0.988,1.08654,0.0108,1.398e-14,0,"chr10:104744406","G","A"
"chr10_104671165_I","chr10_104671165_I",0.626,58.8,"chr10","chr10_104671165_I","D","I4",104671165,1,1.08654,0.0107,8.925e-15,0,"chr10:104671165","CTTT","C"
"rs7071373","rs7071373",0.622,160,"chr10","rs7071373","A","G",104771922,0.999,1.08817,0.0107,3.295e-15,0,"chr10:104771922","G","A"
"rs10786725","rs10786725",0.622,70,"chr10","rs10786725","T","C",104682357,1,1.0873,0.0107,5.756e-15,1,"chr10:104682357","C","T"
"rs3758543","rs3758543",0.619,332,"chr10","rs3758543","C","G",104944744,0.997,1.08632,0.0107,1.308e-14,0,"chr10:104944744","G","C"
"rs10748835","rs10748835",0.618,47.9,"chr10","rs10748835","A","G",104660256,1,0.9198,0.0107,5.573e-15,21,"chr10:104660256","A","G"
"rs10883814","rs10883814",0.618,125,"chr10","rs10883814","T","C",104737404,1,1.08796,0.0107,3.383e-15,0,"chr10:104737404","C","T"
"rs10786721","rs10786721",0.618,42,"chr10","rs10786721","A","C",104654383,1,0.91943,0.0107,4.272e-15,0,"chr10:104654383","A","C"
"rs10786724","rs10786724",0.618,56.6,"chr10","rs10786724","A","G",104668942,1,1.08719,0.0107,5.589e-15,0,"chr10:104668942","G","A"
"rs10786727","rs10786727",0.618,86.2,"chr10","rs10786727","A","G",104698523,1,0.91934,0.0107,4.205e-15,0,"chr10:104698523","A","G"
"rs943038","rs943038",0.618,214,"chr10","rs943038","T","C",104826261,1,1.08676,0.0107,7.975e-15,1,"chr10:104826261","C","T"
"rs11191539","rs11191539",0.618,207,"chr10","rs11191539","A","G",104819770,1,1.08665,0.0107,8.833e-15,0,"chr10:104819770","G","A"
"rs12569617","rs12569617",0.618,118,"chr10","rs12569617","T","C",104729996,1,1.08785,0.0107,3.62e-15,0,"chr10:104729996","C","T"
"rs4532960","rs4532960",0.618,55.1,"chr10","rs4532960","T","C",104667406,1,0.91971,0.0107,5.37e-15,18,"chr10:104667406","T","C"
"rs4917994","rs4917994",0.618,199,"chr10","rs4917994","T","C",104811699,1,0.92035,0.0107,9.187e-15,3,"chr10:104811699","T","C"
"rs10748836","rs10748836",0.618,81.6,"chr10","rs10748836","A","G",104693917,1,0.91943,0.0107,4.455e-15,3,"chr10:104693917","A","G"
"rs12763665","rs12763665",0.618,41.4,"chr10","rs12763665","A","G",104653717,1,0.91952,0.0107,4.604e-15,0,"chr10:104653717","A","G"
"rs2297786","rs2297786",0.618,67.6,"chr10","rs2297786","T","C",104679978,1,0.91952,0.0107,4.629e-15,15,"chr10:104679978","T","C"
"rs7085598","rs7085598",0.618,37.8,"chr10","rs7085598","T","C",104650128,1,1.0873,0.0107,5.698e-15,0,"chr10:104650128","C","T"
"rs7096269","rs7096269",0.618,124,"chr10","rs7096269","A","G",104736721,1,1.08806,0.0107,3.189e-15,1,"chr10:104736721","G","A"
"rs10786719","rs10786719",0.618,25.7,"chr10","rs10786719","A","G",104637992,1,1.08774,0.0107,4.366e-15,32,"chr10:104637992","G","A"
"rs1538204","rs1538204",0.618,122,"chr10","rs1538204","A","T",104733893,1,0.91916,0.0107,3.385e-15,0,"chr10:104733893","A","T"
"rs2275271","rs2275271",0.618,202,"chr10","rs2275271","T","C",104814162,1,1.08676,0.0107,8.082e-15,16,"chr10:104814162","C","T"
"rs2065977","rs2065977",0.618,117,"chr10","rs2065977","T","C",104729415,1,0.91916,0.0107,3.514e-15,0,"chr10:104729415","T","C"
"rs11191438","rs11191438",0.618,25.5,"chr10","rs11191438","C","G",104637864,1,0.91971,0.0107,5.783e-15,0,"chr10:104637864","C","G"
"rs7908280","rs7908280",0.618,205,"chr10","rs7908280","C","G",104816947,1,1.08654,0.0107,9.25e-15,0,"chr10:104816947","G","C"
"chr10_104727871_D","chr10_104727871_D",0.618,116,"chr10","chr10_104727871_D","D","I3",104727871,1,0.91906,0.0107,3.203e-15,0,"chr10:104727871","A","AAT"
"rs1591915","rs1591915",0.618,34.5,"chr10","rs1591915","T","C",104646849,1,0.91925,0.0107,3.993e-15,0,"chr10:104646849","T","C"
"rs10450373","rs10450373",0.618,116,"chr10","rs10450373","T","C",104728616,1,1.08785,0.0107,3.632e-15,0,"chr10:104728616","C","T"
"rs9919485","rs9919485",0.617,290,"chr10","rs9919485","T","C",104902737,0.996,1.08546,0.0108,2.56e-14,0,"chr10:104902737","C","T"
"rs12264415","rs12264415",0.616,155,"chr10","rs12264415","T","G",104767185,0.994,1.08937,0.0107,1.699e-15,0,"chr10:104767185","G","T"
"chr10_104884629_I","chr10_104884629_I",0.615,272,"chr10","chr10_104884629_I","D","I4",104884629,0.983,1.08937,0.0108,2.11e-15,0,"chr10:104884629","TTAA","T"
"rs10883805","rs10883805",0.615,95.9,"chr10","rs10883805","T","C",104708251,0.999,1.08632,0.0107,1.197e-14,1,"chr10:104708251","C","T"
"rs11191471","rs11191471",0.615,89.7,"chr10","rs11191471","A","T",104702050,0.988,0.91897,0.0108,4.218e-15,0,"chr10:104702050","A","T"
"rs1890185","rs1890185",0.615,136,"chr10","rs1890185","A","G",104748718,1,1.08796,0.0107,3.531e-15,1,"chr10:104748718","G","A"
"rs12255047","rs12255047",0.615,148,"chr10","rs12255047","A","G",104760752,1,0.91897,0.0107,2.937e-15,0,"chr10:104760752","A","G"
"rs7101143","rs7101143",0.615,95.2,"chr10","rs7101143","A","G",104707537,0.986,0.91805,0.0108,2.464e-15,0,"chr10:104707537","A","G"
"rs7077097","rs7077097",0.612,333,"chr10","rs7077097","A","G",104945463,0.998,0.92035,0.0107,1.134e-14,1,"chr10:104945463","A","G"
"rs11191542","rs11191542",0.612,212,"chr10","rs11191542","A","T",104824324,1,0.92017,0.0107,9.097e-15,0,"chr10:104824324","A","T"
"rs6584533","rs6584533",0.612,80.2,"chr10","rs6584533","T","C",104692542,0.999,1.08796,0.0107,3.835e-15,0,"chr10:104692542","C","T"
"rs11191577","rs11191577",0.612,290,"chr10","rs11191577","A","G",104902165,1,1.08796,0.0107,3.657e-15,0,"chr10:104902165","G","A"
"rs10883824","rs10883824",0.612,201,"chr10","rs10883824","A","G",104812897,1,1.08665,0.0107,9.097e-15,3,"chr10:104812897","G","A"
"rs8139","rs8139",0.612,236,"chr10","rs8139","A","G",104848123,1,0.91906,0.0107,3.37e-15,14,"chr10:104848123","A","G"
"rs7896547","rs7896547",0.612,255,"chr10","rs7896547","A","G",104866958,1,1.08883,0.0107,2.137e-15,1,"chr10:104866958","G","A"
"rs7067970","rs7067970",0.612,302,"chr10","rs7067970","T","C",104913870,1,0.91906,0.0107,3.565e-15,0,"chr10:104913870","T","C"
"rs10748837","rs10748837",0.612,268,"chr10","rs10748837","T","C",104880236,1,1.08828,0.0107,2.9e-15,0,"chr10:104880236","C","T"
"rs10883840","rs10883840",0.612,310,"chr10","rs10883840","A","G",104922039,1,1.08828,0.0107,2.868e-15,0,"chr10:104922039","G","A"
"rs7081075","rs7081075",0.612,317,"chr10","rs7081075","T","C",104929191,1,0.91962,0.0107,5.429e-15,0,"chr10:104929191","T","C"
"rs10883837","rs10883837",0.612,284,"chr10","rs10883837","A","G",104896486,1,0.91916,0.0107,3.524e-15,0,"chr10:104896486","A","G"
"rs4917997","rs4917997",0.612,333,"chr10","rs4917997","A","G",104945213,0.998,1.08643,0.0107,1.177e-14,0,"chr10:104945213","G","A"
"rs3977751","rs3977751",0.612,308,"chr10","rs3977751","A","G",104920232,1,1.08741,0.0107,5.152e-15,21,"chr10:104920232","G","A"
"chr10_104854769_I","chr10_104854769_I",0.612,242,"chr10","chr10_104854769_I","I2","D",104854769,1,0.91943,0.0107,4.524e-15,0,"chr10:104854769","TA","T"
"rs1926030","rs1926030",0.612,243,"chr10","rs1926030","T","C",104855656,1,1.08806,0.0107,3.2e-15,12,"chr10:104855656","C","T"
"rs943036","rs943036",0.612,224,"chr10","rs943036","T","C",104836047,1,1.08752,0.0107,5.056e-15,3,"chr10:104836047","C","T"
"rs7899084","rs7899084",0.612,260,"chr10","rs7899084","A","T",104872547,1,1.08839,0.0107,2.646e-15,0,"chr10:104872547","T","A"
"rs10883826","rs10883826",0.612,218,"chr10","rs10883826","A","G",104830819,1,1.08741,0.0107,5.615e-15,20,"chr10:104830819","G","A"
"rs10748838","rs10748838",0.612,332,"chr10","rs10748838","A","T",104943986,0.997,0.92026,0.0107,1.06e-14,0,"chr10:104943986","A","T"
"rs7077291","rs7077291",0.612,333,"chr10","rs7077291","T","C",104945751,0.998,0.92054,0.0107,1.237e-14,1,"chr10:104945751","T","C"
"rs3740387","rs3740387",0.612,237,"chr10","rs3740387","A","G",104849468,1,0.91824,0.0107,1.802e-15,15,"chr10:104849468","A","G"
"rs943035","rs943035",0.612,227,"chr10","rs943035","T","C",104839152,1,1.08763,0.0107,4.588e-15,2,"chr10:104839152","C","T"
"rs10786740","rs10786740",0.612,323,"chr10","rs10786740","C","G",104935593,1,0.91888,0.0107,2.871e-15,0,"chr10:104935593","C","G"
"rs7921574","rs7921574",0.612,229,"chr10","rs7921574","T","C",104840970,1,1.08774,0.0107,4.45e-15,0,"chr10:104840970","C","T"
"rs746293","rs746293",0.612,285,"chr10","rs746293","T","G",104897254,1,0.91925,0.0107,3.756e-15,3,"chr10:104897254","T","G"
"rs12571568","rs12571568",0.612,279,"chr10","rs12571568","C","G",104891396,1,1.08796,0.0107,3.493e-15,0,"chr10:104891396","G","C"
"rs12777726","rs12777726",0.611,134,"chr10","rs12777726","A","G",104746398,0.996,1.08904,0.0107,1.843e-15,0,"chr10:104746398","G","A"
"rs4919695","rs4919695",0.611,91.7,"chr10","rs4919695","A","G",104704017,0.981,1.08861,0.0108,3.845e-15,0,"chr10:104704017","G","A"
"rs12780843","rs12780843",0.611,157,"chr10","rs12780843","C","G",104769335,0.998,0.92026,0.0107,8.343e-15,0,"chr10:104769335","C","G"
"rs10786745","rs10786745",0.61,344,"chr10","rs10786745","A","G",104956827,0.994,1.08698,0.0108,9.883e-15,0,"chr10:104956827","G","A"
"rs11191541","rs11191541",0.609,212,"chr10","rs11191541","A","G",104824199,0.999,1.08698,0.0107,7.763e-15,0,"chr10:104824199","G","A"
"rs4917990","rs4917990",0.609,159,"chr10","rs4917990","A","G",104771029,0.997,1.08839,0.0107,3.088e-15,0,"chr10:104771029","G","A"
"chr10_104879561_D","chr10_104879561_D",0.608,267,"chr10","chr10_104879561_D","I2","D",104879561,0.989,1.0885,0.0108,3.718e-15,0,"chr10:104879561","C","CA"
"rs10883823","rs10883823",0.608,200,"chr10","rs10883823","T","C",104812331,0.995,1.08817,0.0107,3.759e-15,0,"chr10:104812331","C","T"
"rs67908413","rs67908413",0.608,153,"chr10","rs67908413","T","C",104764989,1,1.08861,0.0107,2.333e-15,0,"chr10:104764989","C","T"
"rs7911789","rs7911789",0.608,144,"chr10","rs7911789","T","C",104756374,1,1.0885,0.0107,2.451e-15,0,"chr10:104756374","C","T"
"rs11191518","rs11191518",0.608,171,"chr10","rs11191518","C","G",104782853,1,1.08752,0.0107,4.777e-15,0,"chr10:104782853","G","C"
"rs3902934","rs3902934",0.608,134,"chr10","rs3902934","A","G",104746649,1,1.08828,0.0107,2.942e-15,1,"chr10:104746649","G","A"
"rs1890184","rs1890184",0.608,136,"chr10","rs1890184","A","C",104748459,1,1.08828,0.0107,2.956e-15,0,"chr10:104748459","C","A"
"rs7914558","rs7914558",0.608,164,"chr10","rs7914558","A","G",104775908,1,0.91916,0.0107,3.493e-15,3,"chr10:104775908","A","G"
"chr10_104852115_I","chr10_104852115_I",0.608,240,"chr10","chr10_104852115_I","I5","D",104852115,0.995,0.91998,0.0107,8.685e-15,0,"chr10:104852115","ATGTC","A"
"rs10883817","rs10883817",0.608,143,"chr10","rs10883817","A","G",104755431,1,0.91906,0.0107,3.391e-15,16,"chr10:104755431","A","G"
"rs7920251","rs7920251",0.608,338,"chr10","rs7920251","T","C",104950197,0.997,0.92118,0.0108,2.179e-14,3,"chr10:104950197","T","C"
"rs10509757","rs10509757",0.608,141,"chr10","rs10509757","A","G",104752960,1,0.91916,0.0107,3.518e-15,20,"chr10:104752960","A","G"
"rs6584540","rs6584540",0.608,315,"chr10","rs6584540","A","G",104927634,0.983,1.08394,0.0108,6.823e-14,0,"chr10:104927634","G","A"
"rs10786733","rs10786733",0.606,183,"chr10","rs10786733","A","G",104794947,1,0.91925,0.0107,4.332e-15,1,"chr10:104794947","A","G"
"rs10786729","rs10786729",0.606,107,"chr10","rs10786729","A","G",104719378,1,1.0873,0.0107,5.672e-15,0,"chr10:104719378","G","A"
"rs2066323","rs2066323",0.606,259,"chr10","rs2066323","A","G",104871361,0.992,1.08134,0.0108,4.602e-13,3,"chr10:104871361","G","A"
"rs4917987","rs4917987",0.606,88.8,"chr10","rs4917987","A","C",104701122,0.993,1.08741,0.0107,5.993e-15,0,"chr10:104701122","C","A"
"rs56946876","rs56946876",0.605,41.2,"chr10","rs56946876","T","C",104653545,0.995,1.08643,0.0108,1.259e-14,0,"chr10:104653545","C","T"
"rs7092407","rs7092407",0.605,337,"chr10","rs7092407","A","G",104949116,0.995,0.92054,0.0108,1.334e-14,0,"chr10:104949116","A","G"
"rs10883842","rs10883842",0.603,329,"chr10","rs10883842","T","C",104941589,0.992,0.92026,0.0108,1.318e-14,0,"chr10:104941589","T","C"
"rs35525740","rs35525740",0.603,329,"chr10","rs35525740","A","T",104941112,0.994,1.08785,0.0108,5.336e-15,0,"chr10:104941112","T","A"
"rs7094843","rs7094843",0.603,194,"chr10","rs7094843","A","C",104806654,0.988,1.08611,0.0108,2.281e-14,0,"chr10:104806654","C","A"
"rs4917380","rs4917380",0.602,163,"chr10","rs4917380","C","G",104775335,1,1.08817,0.0107,3.252e-15,0,"chr10:104775335","G","C"
"rs10786743","rs10786743",0.6,331,"chr10","rs10786743","A","G",104943342,0.996,1.0873,0.0108,7.327e-15,0,"chr10:104943342","G","A"
