"","Excit","Inhib","mixedNeu","NPC","Oligo","OPC","Astro","Micro"
"ENSG00000123560.13",0.55882189055939,0.42979322243843,0.437872068770582,1.16999421597317,3.19816471958464,1.59946329184928,1.064770996594,1.77452755042619
"ENSG00000080822.16",0.129352470259091,-0.125340482878122,0.268447315122529,0.254032058816122,2.14476318439896,0.640218066167406,0.300350715620179,0.701790098710028
"ENSG00000070214.15",0.154369500457547,-0.14056631100392,0.104883520630832,0.0249621307475752,1.84811733117181,0.742309344437281,0.353169692992437,0.373113145172039
"ENSG00000167123.18",-0.287433413348549,-0.55497711373879,-0.772484276839927,0.0814824224871896,2.20591865515562,0.587196197460632,0.218028197698684,0.751531523867786
"ENSG00000137941.16",0.748911313925734,0.366873750782395,0.641998705657183,0.784604918848324,1.97422451395459,0.627011026843877,-0.0285924683489906,0.441028380770071
"ENSG00000173786.16",-0.488454896178362,-0.454439979383827,-0.378672010803493,-0.0766092270110307,1.86898732286878,0.655822813167463,0.00545071454168691,0.238193353719273
"ENSG00000099194.5",-0.147100772617639,-0.388188090789177,-0.289357747426876,0.281589447538892,2.11842196826758,0.541732115720689,0.434082464958916,0.771108365186451
"ENSG00000005893.15",-0.227951590124604,-0.139321397864615,0.0724608592902698,0.518657939713948,1.90740337008799,0.696691874599673,0.556315459873005,0.877734654743031
"ENSG00000197430.10",-0.832020382521514,-1.03508953848913,-0.568285881364594,-0.495021123443728,1.91864512527882,-0.17853407586994,-0.173490517330948,0.405987879699883
"ENSG00000164124.10",-0.703965942525673,-0.867313390706667,-0.651076493986636,-0.575810693551953,1.76741980856398,-0.19687089064401,0.316547663915157,0.278985557813847
"ENSG00000164176.12",0.597396414499588,0.583101273223957,-0.0782977913043746,0.498698151057502,1.95533154900936,1.27630825956935,-0.233135758952337,0.296976696093945
"ENSG00000184144.10",-0.42588215735101,-0.403705409832282,-0.440739286531219,0.0872995516233813,1.62510095674725,-0.00774787554263414,-0.273908184068803,-0.0144447581328637
"ENSG00000181409.11",-0.18703532929691,0.10282829964174,0.28059287318134,-0.0468064329671697,1.74221916036695,0.115866266091739,0.179761780241378,0.0838841101277672
"ENSG00000164161.9",-1.17606882085387,-1.14689176498824,-1.39628003569093,-0.595786004050264,1.25619685224387,-0.763357610981537,-0.879395232802836,-0.261628062590818
"ENSG00000124920.13",-1.04163744808804,-1.37205135235359,-1.25933107733468,-0.640796456727944,1.34327283017489,-0.358687641123165,-0.682875087047247,-0.313335942010028
"ENSG00000150656.14",-1.02143368021798,-1.34080050828461,-1.03567663089157,-1.56852235591249,1.53327968261683,-0.204133377538463,-0.573331730097096,-0.0784487239008425
"ENSG00000103540.16",0.293736513536117,-0.147845277607538,0.155161172619813,0.147071633565941,1.4497499103464,0.102924020929583,0.0220485079613646,0.237321611031108
"ENSG00000108387.14",-0.608926616387498,-0.302844010898184,-0.747610312639122,-0.640907325151455,1.44117163445793,-0.254439231704928,-0.000913468656052077,-0.11265196533128
"ENSG00000166923.10",-1.2709957893647,-1.76813023761514,-1.41779030425567,-0.775631274470244,0.880654276714002,-0.984191827554294,-1.00705140227156,-0.703093798738501
"ENSG00000151552.11",0.0145561406687604,-0.0944803442532038,0.101927580557215,0.489370062987597,1.75479091617305,0.134786117435381,-0.154104817519509,0.293973857015989
"ENSG00000180071.19",-0.842130925616342,-0.747449316594737,0.240907334258754,-1.56852235591249,0.928164488649673,0.203036471915469,-0.936557313542413,-0.920947845457787
"ENSG00000168314.17",-0.821353418200586,-0.876609014662669,-0.751447092080236,-1.1142860490557,2.01875149835122,-0.177732673309573,-0.27628005280738,0.371132075052987
"ENSG00000091513.14",-0.173788506364587,-0.648266597243277,-0.451289859802136,0.287473907710171,2.07537406218457,0.503131316872471,0.166538854822807,0.464477702579437
"ENSG00000158865.12",-1.25723437682483,-1.6438070170037,-1.53243771464195,-1.56852235591249,0.912310335388357,-1.04759593529736,-0.945160819221595,-1.07247840083254
"ENSG00000197971.14",-0.0788516297034585,-0.290174238796316,-0.425831044525027,0.0517376634684157,2.23104314874173,0.69250719659347,-0.0783422250642929,0.687067936872012
"ENSG00000117266.15",-0.692371553481793,-1.08593649547775,-0.33544139212034,-0.747593375589432,1.48201978433304,-0.0315550248437221,-0.45014834624872,-0.0647605455030056
"ENSG00000078269.13",0.611706034422059,-1.08858539315376,0.260354067905207,0.158512594535207,1.17281988194928,-0.563842357685469,-0.830568449176428,-0.454639872516994
"ENSG00000172508.10",-0.698762590108817,-0.956566228151832,-0.951786138400717,0.0613701594583822,1.71744119197906,-0.258897966652474,-0.378136334149757,0.00950305965914296
"ENSG00000196187.11",-1.2253331283481,-1.32443179833692,-1.2521282047803,-0.914225811312977,1.26492935172489,-0.420262250259417,0.0222691731458814,0.170158912080663
"ENSG00000011426.10",-1.2891530710767,-1.08110680703767,-1.53243771464195,-0.0290587207448721,1.40957128497655,-0.743773430231616,-0.627864731098988,-0.239079905930197
"ENSG00000164171.10",-1.12140264730611,-1.80327684212894,-1.3352951486417,-1.065002046704,0.758193861471873,-1.39376092842967,-0.805920455745305,-0.943061931122741
"ENSG00000147488.11",-1.15312930225287,-1.01247743002769,-1.53243771464195,-0.592880813537332,1.3296014488706,-0.643777274498238,-0.753265318798647,-0.303165254023712
"ENSG00000081479.12",-1.42203614552967,-1.11900448890634,-1.53243771464195,-0.932074411270447,0.473814515191157,-1.36464955889103,-1.19576397621858,-1.00312981379394
"ENSG00000124406.16",0.332522329924605,0.263240773367558,0.971160632488115,0.0383964341443037,1.34056842735731,0.0755766788675153,0.125232000632201,-0.0198943484040821
"ENSG00000122367.19",-0.492326768703822,-1.72829181469232,-0.904309676553528,-1.00754542221164,1.04193093189632,-0.904571264557877,-0.833695747179709,-0.832071226883332
"ENSG00000112893.9",-0.193484412085462,-0.622980043579667,-0.85553746722358,-0.502105364876183,1.40234673334118,-0.31706297931162,-0.114327972595805,0.329935633806203
"ENSG00000277363.4",0.27844042845493,0.0289316005215428,0.256236931842041,-0.0462007032712,1.01555657458866,-0.662416753871196,-0.774655764567218,-0.566637531666405
"ENSG00000077522.12",-0.11447917235065,-0.633634020159435,0.579554227588451,-1.56852235591249,0.340768523150806,-0.179559435096006,-0.653030420811533,-1.09366946372485
"ENSG00000050438.16",-0.0761498812196164,-0.460218492855768,-0.347568020652801,-0.563150765990109,0.385223712689887,-0.480537917063861,-0.574202039160237,-0.696512439975937
"ENSG00000187135.7",1.36725174974409,0.734583557045555,0.375928112445583,0.550113555695028,1.77102596744769,1.6023623006114,-0.364633241580795,0.0491568262377705
"ENSG00000019582.14",-1.05539655502124,-0.0757670012325075,-1.53243771464195,-0.0583640567979055,-0.465504492338867,-0.843939422849065,-0.102294368391608,2.4384091745368
"ENSG00000139679.15",-1.51659340169339,-0.727301634076627,-1.53243771464195,-0.356375010469146,-0.851692565155061,-1.23481300266931,-0.625612555119412,2.07549993227366
"ENSG00000178573.6",-1.12367010304985,0.71959971367891,-1.15267829836756,0.00899989505243395,-0.0388412314716883,0.322334634851276,0.221525278245328,2.08761085087941
"ENSG00000266028.7",-0.396638372566237,-0.259283597700966,-0.388352496705875,-0.394151226814998,-0.309436832779112,-0.332561285041128,-0.932248924569258,1.48235617703913
"ENSG00000182578.13",-1.41748964506816,-0.888395497726269,-1.53243771464195,-0.624741995238606,-1.01167318318954,-1.28545214160316,-0.928072936320243,1.8250097055755
"ENSG00000125730.16",-1.39624489899604,-0.963830946570137,-1.53243771464195,-0.829477031089322,-0.877273688506133,-1.48028761621849,-0.503758046168201,1.5226157733233
"ENSG00000042980.12",-1.40828091490479,-1.3189369697709,-0.947849849815616,-1.11804843022348,-1.00429715149099,-1.30927671970829,-1.00434502563486,1.38667872089569
"ENSG00000137491.14",-1.41792179102911,-1.1214489170889,-1.53243771464195,-0.914666405617598,-1.01201900862998,-1.24104673947002,-1.02957523934363,1.35641832369412
"ENSG00000026297.15",0.0520214290862198,-0.232596366542309,-0.00302133435832456,-0.150621358303457,-0.849512848092913,-0.215734204970116,-0.129845712029424,1.63476724681409
"ENSG00000184060.10",-0.695226213018159,-0.837773728940936,-1.53243771464195,-0.479184277994729,-0.870924193310434,-1.46286028554359,-0.649487382521676,1.9159188402337
"ENSG00000081189.14",0.595717076665038,1.01247862829927,0.674760528346838,0.358606232692613,-0.787214298131784,-0.332502115674124,-0.212748197407461,1.60426547619209
"ENSG00000081237.18",-1.34491985561305,-1.21668650965533,-1.53243771464195,-1.08336869273617,-0.980759473597517,-1.56630115323069,-1.11430770694235,1.3101935181043
"ENSG00000119535.17",-1.51659340169339,-1.31544623099842,-1.53243771464195,-1.56852235591249,-1.04085730183591,-1.66474282559122,-1.11561446680651,1.31261153415246
"ENSG00000175899.14",-1.36397651957116,-1.05276888082238,-1.29637195866591,-0.991793096455604,-0.812605399409566,-1.26417253119086,-0.987925082850487,1.48569482216616
"ENSG00000105339.10",-0.263919210424121,-1.12017490622284,-0.77628011858458,-0.777451184297206,-1.05199774694673,-1.41651086568549,-0.853218013702298,0.997832097724391
"ENSG00000107099.15",-1.47759268147219,-1.48194997024445,-1.41159506707444,-1.01860952710186,-1.07976853508391,-1.60315847095967,-1.11200519689171,0.984280978482527
"ENSG00000168918.13",-1.51659340169339,-1.41431276713239,-1.53243771464195,-1.56852235591249,-1.07372814202872,-1.56956558646955,-0.706268799092319,1.2215559194544
"ENSG00000137642.12",-0.540543737553086,-0.213865238044409,-0.40252262378977,0.182423710721374,-0.0425068744155588,0.0440179632909168,0.351177671850242,1.44199421002062
"ENSG00000079277.19",0.080651959074424,-0.159470313421832,-0.0331760037309475,-0.118691495310719,-0.493604839946836,-0.179501859036422,0.377258893341677,1.52097833805932
"ENSG00000164199.15",-0.448513369298209,-1.15115993044813,-0.176318230900202,0.0431119235836723,-0.921928773807248,-1.21984972016909,1.46904707967268,-1.2576646355419
"ENSG00000110436.11",0.0841872620689462,-0.0640430649096731,-0.0370872604394089,0.247286945999813,-0.408963857840409,1.11000303349002,2.06784246344489,-0.177145348983229
"ENSG00000080573.6",0.367352164494705,-1.15654150304398,-1.53243771464195,-1.0113900076739,-0.798926840565434,0.177873923874315,1.59012907154293,-0.746836448650103
"ENSG00000152583.12",-0.590348838028048,0.435269309269413,-0.423892021155588,0.104499246083464,-0.0432405222677874,0.859216940096462,2.06790961103918,0.42461848131795
"ENSG00000068078.17",-1.05925340845051,-1.37039993969484,-0.890494694270351,0.0828899391927606,-0.660007931719285,0.755734609821231,1.77713521452119,-0.887591371584994
"ENSG00000172201.11",-0.865680113870939,-0.623542507603054,-0.429548403714542,0.63079647203214,-0.5296330269241,-1.16493286637611,2.09912794839888,-0.955526973611908
"ENSG00000171885.13",-0.890527651842629,-1.0214347937751,-1.28382466015188,-0.372574496438367,-0.414967797561877,-0.778098002459775,1.73813199078732,-0.424317360610451
"ENSG00000125148.6",-0.130295020364081,-0.428152276036812,-0.118076902347391,-0.303066991491479,0.940055921136914,1.45128844656828,2.6407958854892,0.853107588357082
"ENSG00000087250.8",0.841451039396189,0.209753017994311,-0.000646814453056282,0.34233319971324,0.915544472244915,1.61983020667708,2.43178975109324,0.635040921179602
"ENSG00000198838.13",-0.579145306247977,-0.76082113456496,-0.673321547111108,-0.820638933411708,-1.00472389312866,-1.58275232911971,0.807013068888009,-1.26418113726929
"ENSG00000134769.21",0.27308541555065,-0.295143753288333,-0.102888944773435,-0.121922868403231,-0.102097763070761,0.559422407210234,1.39191441240452,-0.245199928918324
"ENSG00000152661.7",-0.834698871120439,-0.822259170377526,-1.53243771464195,-0.697308811000706,-0.355806743321365,-0.904929284382951,1.76144226260398,0.037971675655835
"ENSG00000164089.8",-0.822874663792209,-1.44482241522727,-1.53243771464195,-1.56852235591249,-0.626444619568165,-1.24026905286913,1.69462848187023,-0.537683393385853
"ENSG00000144040.12",-0.139802972986019,-0.822354957661951,-0.329117733381734,-0.224963079404695,-0.374244800868769,-0.562122997889319,1.09468460650514,-0.358346223637481
"ENSG00000018625.14",-0.380457247518235,-0.944025635205904,-1.29370971641516,-0.287968976598668,-0.636446392356222,1.02867918722483,1.60113639137279,1.00583922312391
"ENSG00000129244.8",-0.41339676401267,1.02953136656582,0.51939795113422,0.0411856480720898,-0.475948181454282,1.09249964524046,1.76717421516747,-0.112384040402104
"ENSG00000111907.20",-0.282021275017141,-0.500595715577243,-0.723962782499403,-1.05156954827576,-1.01870984864915,-1.24929577739197,1.11589711380466,-1.10163534991275
"ENSG00000132321.16",0.26220316931797,-0.437363483830269,0.00499078473903441,-0.171423865124194,-0.980688497294575,-1.66474282559122,1.20325365902973,-1.45422196232376
"ENSG00000164398.12",0.340087593200637,0.21429972504524,0.209503742583909,-0.355223137345829,-0.404218236218834,0.265172713909012,1.05133318007362,-1.09595880505977
"ENSG00000125462.16",-0.3755330126617,-0.145346626337508,-0.77940501002908,0.0983959532429014,-0.120385441838448,1.55765455854648,1.51012085470389,-0.647163235072862
"ENSG00000116147.16",0.252288683788023,-0.162721168477769,-0.00499620806046464,-0.544941266084445,-0.843340286704534,1.60229816130384,-0.901406454245463,-0.98885722679303
"ENSG00000134853.11",-1.28359036039123,-0.758224524099148,-1.53243771464195,-1.56852235591249,-0.982441366090927,1.6491320906444,-1.14149028975457,-1.05776530095509
"ENSG00000106278.11",-0.110390566865297,-0.542543431593164,-0.398141783953937,0.069771820461348,-0.680920693669012,2.12816044712498,1.11902886142413,-0.659831960651872
"ENSG00000038427.15",-1.44603361307152,-0.649692717790507,-0.944560890952609,0.718233654315622,-0.909190427674499,1.52953156000519,0.293216495191049,-0.920533224614142
"ENSG00000110693.16",-1.48894957471769,-0.725650933695069,-1.44514971855805,-1.30799913235822,-0.796201072461633,1.16559528482608,0.0419068427012804,-1.32907837232731
"ENSG00000150275.17",-0.2481529690515,-1.15058557440332,-0.832432636336297,-1.56852235591249,-1.07161411931866,1.05351388541423,-1.22889475171184,-1.34598620733612
"ENSG00000156103.15",0.129164136517796,-0.743691458745375,0.0549553406430103,0.0816102125303405,-1.00198997199585,1.14075227563183,-1.17626374946043,-1.21043099322501
"ENSG00000171587.14",-0.452306059594754,-0.502847539590672,-0.267661439522792,-1.09112260375689,-1.07353145334224,1.18825283061321,-1.11888232013295,-0.924760209943866
"ENSG00000144285.16",-0.234748440308619,0.728058703018423,0.245521269153203,0.178983194652929,-0.952772784942256,1.16331948385347,-0.601880225570394,-1.20931756675499
"ENSG00000101311.15",-0.997949053617691,-1.33902254070986,-0.930517854195524,-1.56852235591249,-0.853302376752048,1.36976338220249,-1.27607056237106,-1.18486190338173
"ENSG00000112280.15",-1.26408720182174,-1.11988264802963,-1.31535110722541,-1.02684500598026,-0.979133755923488,1.1925909155875,-1.15552742293453,-1.08171562724832
"ENSG00000166573.5",-1.46495647232859,-1.51955778697467,-0.798412457597356,-1.56852235591249,-1.09020379229683,0.79986878420506,-1.27338737686941,-1.45422196232376
"ENSG00000139289.13",-0.692151013440676,-0.584652512909486,-0.114720847423563,-0.244260725160315,-0.883759129528962,1.09046160471542,-1.01773682952644,-0.449806490866857
"ENSG00000112902.11",-0.157725466756381,-0.862150084570396,-0.498181520579275,-0.695484951689457,-0.639245923591196,0.856059937167515,-1.22724546717609,-1.03703560179956
"ENSG00000198732.10",-1.30496730837559,-0.0979711333501989,-1.53243771464195,-0.550124524508008,0.324426263176709,1.62052382173163,-0.310365029011153,-0.849759156739848
"ENSG00000132692.18",-0.689042096740723,-0.199099883673963,-1.2413779886269,-0.605159173690982,-0.112309069488832,1.85492689069444,1.25385621087083,-0.65737904398576
"ENSG00000061938.16",0.293874505063995,0.0307818072570105,0.136841362771283,-0.481140358263275,0.238139939632931,1.56537695952432,0.215663131011794,0.247106845591935
"ENSG00000152492.13",-0.476331527950853,-0.255783869515499,-0.12457734079363,0.00153121896680268,-0.0554490779473491,1.36420130257778,0.00319402216510514,0.657997598884653
"ENSG00000072134.15",0.0646439238593278,-0.00655383146717581,0.170473236003099,0.115052999370748,1.12058862756498,2.02323533612643,0.272713112709222,0.398360730226437
"ENSG00000139910.19",0.239483340319277,0.158194105640291,0.447338566305293,-0.175811617323053,0.814913387991615,1.68508728607722,0.296003218707671,-0.379679560882435
"ENSG00000171246.5",0.986351611148758,-1.13330417245005,-0.73693032931553,-0.318472375550652,-0.761046036419518,-1.44262882606373,-1.19056026969197,-0.833634303684049
"ENSG00000116254.17",1.13174308235447,0.793317259621581,0.788700863287534,0.399420665318071,-0.926966292226501,-1.50608253485297,-1.14423460896128,-0.973401890862637
"ENSG00000171617.13",1.63223445256468,0.323336338213225,0.202214478635,1.39444614340173,-0.372703507806437,-0.277293472354547,-0.696507858773584,0.387773892947836
"ENSG00000176884.14",1.3459237643548,1.27672406861284,1.44525596550419,0.43899653191728,-0.619382439259759,-1.21123896871602,-1.14766164777415,-0.382039243074759
"ENSG00000070808.15",1.45161472162065,0.636616037775547,1.14625756283962,0.24860327468622,-0.354767574534077,-0.602169504440227,-0.188136418024583,0.112845223569522
"ENSG00000101489.19",1.36926884349451,1.16690008321339,1.59737403209282,0.772825383437333,-0.396547609885362,-0.783665924597399,-0.59360969492077,-0.390431356784495
"ENSG00000161082.12",1.40035498727427,0.859867068399632,1.39874324351297,0.956782975748188,-0.814008805968118,0.315045150233039,-1.08511825577026,-0.698708746775383
"ENSG00000280650.1",1.18877900329288,0.121915491219443,1.45271934035966,-0.341954308912075,-0.995811486323806,0.926179056193602,-1.3070564298289,-1.16598336141716
"ENSG00000106976.20",0.992488325540987,0.52543241537556,0.721945875087652,-0.0789004796952705,-0.710769403333667,0.118684683677148,-0.675062010648825,-0.494540408165303
"ENSG00000109670.13",1.11825429864682,-0.133415160435396,0.807815971275032,0.0177458587969027,-0.165040667453648,-0.582703714994103,-0.544977792734576,-0.167229517208659
"ENSG00000273079.5",0.45011856190613,0.432930101910957,0.599928424110248,-0.111525435713183,-0.936283058226196,-0.473721198066885,-1.28500096139219,-1.0291773874629
"ENSG00000163618.17",1.02467421806695,0.228797063448204,0.723071210095242,0.210873567259701,-0.853597160796408,0.213503596737414,-0.126420977175419,-1.05855900473409
"ENSG00000128656.13",1.43767732958731,0.0496847195298805,1.22910316210863,0.279322051292913,-0.0621512114316929,0.156689307799724,0.509673283086561,0.352232017906431
"ENSG00000258399.7",2.08570939592866,1.72549540158631,2.03646535530371,1.20133001213269,-0.248386211929187,1.80734121455016,-0.702777790846651,-0.214358409105216
"ENSG00000132639.12",2.0497608753824,1.66767237876694,1.8669552686045,0.992999248975594,0.295732583024648,0.974421285666065,-0.115282711396761,0.639697864862062
"ENSG00000149970.14",1.36460981597046,0.245203721710524,1.15956374646175,0.682161238965359,-0.528736895504762,0.260466182682642,0.645971827280287,-0.53740201293472
"ENSG00000214548.14",3.09831296649302,2.33355281394094,2.73808297304064,1.88524915603966,-0.34736307304079,1.57165034245925,-0.518648523526657,-0.407352377945222
"ENSG00000078018.19",1.32263162190153,0.907594419838106,1.18156896951929,0.941623084522202,-0.524819928923112,0.904794715443336,0.175384157531956,-0.116716398976758
"ENSG00000170500.12",0.979382078006649,0.42048122730388,0.910231700888073,-0.136472136345946,-0.108034423627835,0.151719755392613,-0.0118515957226096,-0.647572166497309
"ENSG00000048740.18",1.4995686654973,0.607616749743692,1.35047152387945,1.1349348692335,-0.69018412782073,0.48503727524795,0.599651311902801,1.09676815382876
"ENSG00000117318.8",-1.51659340169339,-1.74219983838787,-0.932783672051934,-1.56852235591249,-0.190591595548142,-1.66474282559122,1.30089895770486,-0.567531508604533
"ENSG00000155657.25",-1.48036041725855,-1.90157981974947,-1.51713392894925,-1.56852235591249,-1.07813256023493,-1.62130784556312,-0.685704366223726,-1.28810329230716
"ENSG00000026508.16",-1.28984829632727,-1.95653537508964,-1.53243771464195,-1.56852235591249,-0.929306972671876,-1.66474282559122,0.0127027935615949,-1.17076043925567
"ENSG00000106624.9",-1.01678604171756,-1.12645112946763,-0.523748723296795,-0.168986952024651,-0.856524193508066,-0.579294821165007,0.976556229327948,-0.225339850713871
"ENSG00000131095.11",-1.17815755987477,-0.837084256740552,-0.977836941935504,-0.180635157215194,-0.30479827726199,-0.409836244588318,1.790683053385,0.237247342307065
"ENSG00000124942.13",-1.28360025669089,-1.84898978168901,-1.44443615883679,-1.56852235591249,-1.06115879116399,-1.62052256780651,0.285055247492738,-0.639355296898041
"ENSG00000170345.9",-0.986181723777588,-0.508795062766088,-0.58867323802205,-0.724899188224281,-0.444219663067157,0.740516659035923,1.7668743296243,1.39095839275775
"ENSG00000251442.5",-1.51659340169339,-1.44494342629652,-1.53243771464195,-0.684824998425766,-0.959828126073222,-1.66474282559122,0.793702510121631,1.02210266254292
"ENSG00000106211.8",-0.386401694904335,-0.411129308815145,-0.0212184471635364,-1.56852235591249,-0.396785336938012,0.204391946840299,1.38264938788034,0.887380223232689
"ENSG00000141469.16",-1.51659340169339,-1.5842331042506,-1.53243771464195,-1.56852235591249,-1.04648057055529,-1.43309103585814,1.01053944531859,-1.45422196232376
"ENSG00000095637.21",0.398381608275034,-0.358320674331719,-0.00370918819338972,-0.387385351929785,-0.615358523721577,-0.305113769317843,0.995681561657479,-0.651743841648912
"ENSG00000177606.6",0.605413862902246,-0.302811942208051,-0.432993175524142,-0.255826095774086,0.126534355111173,0.880681822683756,1.61561918128905,0.80544390112439
"ENSG00000120885.20",0.162184284108308,0.54241055238513,0.617255448132091,-0.0777693371761119,0.346460156927367,0.461949850815505,1.80788068150626,0.596112076848246
"ENSG00000158106.13",0.63583324833659,-0.569298850833689,0.41510284204609,-0.830251028204758,-0.445015854767488,-0.0655121907080881,0.830632643159786,-0.694108731781461
"ENSG00000170390.15",0.645121074469715,0.0657363145794053,0.587874655778788,0.40048865096597,-0.442618076408505,0.378971681454833,1.14646032193497,-0.679126734842145
"ENSG00000178209.14",0.0947045232738653,-0.407895898509223,-0.0428440942163007,-0.598115482458683,-0.892425154786319,-0.457849486133359,0.406998267408758,0.019418245408263
"ENSG00000150991.14",0.228813940790984,0.316925912180439,0.270612711701982,0.591792448651742,0.745119080447978,0.271502686054685,1.26003797469348,1.18731935535567
"ENSG00000115738.9",-0.63858752311524,0.738960040014416,-1.53243771464195,0.6125997365732,-0.579166172217156,0.296228646880147,1.92655620760526,0.765258234779611
"ENSG00000141232.4",0.107168992785187,0.188915712353519,0.387105403154689,0.0611657797359771,0.824665692460384,0.361283088098761,1.55020463555344,0.509439382997429
"ENSG00000231764.8",-1.51659340169339,1.50959297783809,0.455318883396866,-1.27188619540044,-0.932549759070219,-1.48006634450081,-1.25730104002675,-1.45422196232376
"ENSG00000166006.12",0.0812259929713324,1.13675588363889,0.0991334108316037,-0.990901965980277,-0.986834552514683,-1.1931355089344,-1.1382705849924,-1.13045272366539
"ENSG00000156687.10",-0.866908173480985,0.221832448874065,0.711465401036617,-0.322602450576491,-0.981247225895994,-1.13667160854161,-0.760329058298534,-1.45422196232376
"ENSG00000067715.13",1.61326996904479,2.20045960727213,1.97838136124021,0.984255169142456,0.0172106125663696,-0.465505042355199,-0.292036579843696,0.42224422652847
"ENSG00000145864.12",0.324348403206366,1.17752486616136,0.723401877955112,-0.611499332525908,-0.771622466146214,-0.145558444865401,-1.09274607294067,-0.831606446736318
"ENSG00000186472.19",0.339982270694295,0.266889475785871,0.344019291030668,-0.128853143884823,-0.825315186251071,-0.975196424775002,-0.483392125683886,-0.733320359922684
"ENSG00000136750.11",-1.43242519478336,1.18259708383211,0.749244060713973,-0.978101821770926,-0.847437409329828,-1.33335045644523,-1.08920340805835,-0.627210232813099
"ENSG00000155511.17",1.09561990227036,1.01302536579746,1.3157695561926,0.702591458173154,-0.711291083689983,-0.169441931483661,-0.253812033093871,-0.93083450439462
"ENSG00000253230.7",1.38771484503352,1.44010676747732,1.06143329789262,0.946116209473461,-0.723659469333528,0.72711549534261,-0.997324665105267,-0.578017454033664
"ENSG00000136531.14",0.869255365353609,0.746695266678409,0.943664096177727,0.486144348095122,-0.775824647352009,0.414599712403495,-1.10494344045606,-0.659020335780097
"ENSG00000187094.11",0.784594072773538,2.44037919697269,0.527337521504726,0.010913507117737,0.00572585758274262,-0.424773785769798,0.0213501399660298,0.405483147318678
"ENSG00000183454.15",0.457460099204814,0.780327674771663,0.194647227767156,0.220256872873402,-0.60460699479032,-1.48067116743579,-1.18104794826602,-0.985915441574302
"ENSG00000152578.12",0.12126256222481,0.976267230726074,0.147245081143349,-1.56852235591249,0.283167478187609,0.770834452752412,-0.960117585374802,-0.86784131031029
"ENSG00000146469.12",-1.05378055823722,1.57381296823552,-0.883711726518074,-1.56852235591249,-0.932541551082449,-1.01756220221611,-1.34646896387037,-1.0508419253719
"ENSG00000172137.18",-0.651975664696536,1.20590964400805,-0.413403184584491,0.115174575725259,-0.776718998804141,-1.04655441919546,-1.1497010163068,-0.435330856621571
"ENSG00000163630.10",0.0956496316112632,1.44202553687625,1.49600891297418,0.579476995530633,-0.846074926406503,-1.22571364010213,-1.05650522876822,-1.01519259326421
"ENSG00000118432.12",-0.102512668242877,1.09109985050008,0.477675283285347,0.105921143203567,-0.932992735877906,-0.970189033123518,-1.18321205970109,-1.05181333857761
"ENSG00000171951.4",0.144642452541313,1.62772909675853,1.7122386399184,-0.325298763498232,-0.436498343781654,0.187946240799249,0.207043788819176,-0.571551278397408
"ENSG00000188042.7",0.204993641300524,1.46937821948435,-0.28824295275797,0.802989720725943,-0.934347663379979,-0.467748366475408,-0.177703070619319,0.091068303738689
"ENSG00000022355.16",0.196697077692664,1.09609176845307,0.627990679862192,-0.335046932520701,-0.83008885416911,-1.16011472721258,-0.949501791122027,-0.469061748175112
"ENSG00000128683.13",-1.29435445608133,1.09562723918979,0.846509662917747,-1.07837478837412,-0.841199744933717,0.341894663026072,-1.02296677844332,-1.26604217973376
"ENSG00000137726.16",0.449717637272755,1.58395786673165,0.360893567363543,0.729355921108147,-0.456346417840091,0.859006353972769,-0.491732405928202,-0.293476571445187
"ENSG00000164418.19",0.853259194224576,1.11495245714922,0.529451872416816,0.0741407574589677,-0.647518888664632,0.608623717786174,-0.762076901421441,-0.869972959210905
"ENSG00000159788.18",-0.630351375542117,0.804554219002367,-0.0291206595425965,-0.121906899540823,-0.224383911221737,0.362601512015406,0.0478003080109508,0.56214576601869
"ENSG00000178568.14",-1.19509526445916,1.16650186291307,1.03096554469703,-0.998571816146995,0.120637851117806,0.296904690642112,0.303829170202938,-0.99022765651095
"ENSG00000145824.12",-1.51659340169339,1.70105901960297,0.213272848787895,-1.56852235591249,-0.383676693547109,-0.940143148769985,0.791591569207795,-0.507018947531234
"ENSG00000225783.6",1.29976666979393,1.16464562453865,1.09829616720018,1.08039074927064,-0.858312095994192,0.90905046245879,0.669697741636713,-0.772869435514165
"ENSG00000128573.23",-1.48313011643135,-1.92896304885611,0.665524821605475,-1.56852235591249,-1.03065663594542,-1.61178684857611,-1.27633276391703,-0.325745370860831
"ENSG00000102290.21",-1.0261144388034,-0.491570984542518,1.06804348763512,-1.56852235591249,-0.968083935001703,-0.336621035869036,-1.31295854942161,-1.38070805673295
"ENSG00000099715.14",-0.533365831015539,-0.615961329577546,0.967070616062973,-1.56852235591249,-0.799831683276769,-0.485768972325798,-1.17072890962053,-1.15359677281024
"ENSG00000225206.7",1.0332504303625,-0.252437881865156,1.30783142390211,0.915438733867741,-0.981199819722939,-1.42124807321092,-1.34646896387037,-1.45422196232376
"ENSG00000163032.11",0.550912830548895,0.600725267095856,1.5908628820189,-1.56852235591249,-0.49327146612004,-0.687864212653445,-1.03393753892634,-0.225904733947521
"ENSG00000104435.13",1.08764517469668,0.997227166035289,1.91904075823698,1.56465971833371,-0.252443766328368,-0.492054535085412,-0.527678179643058,0.249810998679395
"ENSG00000176406.21",0.422369503477645,-0.0788770627778758,1.15408763775918,-0.326229665353519,-0.782628836492737,0.302575058047114,-1.26427618688769,-1.33349316033744
"ENSG00000117600.12",1.08419695338749,0.709313982613082,1.4245726326787,0.373545107832261,-0.413118025853893,0.462751323775871,-0.985737064598843,-0.413569249275298
"ENSG00000077264.14",0.905062274069212,0.711384212812411,1.14052425797157,0.190466997985403,-0.546613073338001,0.0365628785933619,-0.986339868919755,-0.527568152674043
"ENSG00000134138.19",0.0550382830059733,-1.58074864615348,1.43503080877434,0.919786371992693,0.0702781998511251,0.107404398345184,0.524698128221799,-0.963424328608409
"ENSG00000198300.12",0.79472931579734,1.05587741478278,1.55662093116453,-0.00267925151528282,0.421326937694056,0.203182125552914,-0.529744474622127,-0.355181376916041
"ENSG00000138814.16",1.17209322986962,0.841236264928367,1.88371064813486,0.405625847620882,0.593248292936891,0.816618497123458,0.670670945587092,0.687572461573477
"ENSG00000089169.14",-1.10746166374283,0.332737381790205,-0.271585947838306,-0.627637709990635,-1.00017664169741,-1.3899938367007,-1.34646896387037,-1.17759920393896
"ENSG00000157404.15",-1.102552905301,1.03329267848297,-1.53243771464195,-0.941786876542262,-0.219336794823756,-0.340285279749583,-0.69860650984547,-0.937702137070793
"ENSG00000152932.7",-0.217459459047593,0.619735538323002,0.542137447564892,-0.722336403273297,-0.81440202000426,-0.433724450622875,-1.11214778079943,-0.851506481911388
"ENSG00000189056.13",-1.2688013543021,0.318274156464236,-0.99147932895515,-1.20418063979364,-0.551362429398248,-1.53739904362859,-1.25839180585171,-1.1285943622809
"ENSG00000136928.6",0.528657708725516,0.855849649407412,0.827720740265581,0.23723738113211,-0.720591763479177,-0.661193243490354,-0.924447567888206,-0.567212724502076
"ENSG00000157103.10",-0.686592763437022,2.21055021492739,1.32942347083324,0.403813577805796,1.24932156885511,1.40724885692516,1.25612255283057,0.835957496958625
"ENSG00000176887.6",-0.591773779230728,-1.05110121165392,0.536790266198334,1.28688073327896,-0.958053181432184,0.209434450588635,-1.12193072325713,-1.35792419768346
"ENSG00000171532.4",-0.0244114407098122,-1.6661801336099,-1.53243771464195,0.871955929016344,-0.966166796599787,-1.66474282559122,-1.23058101678401,-0.805712272225358
"ENSG00000133110.14",0.22274718446237,-1.2537808322465,-0.823371940867849,1.37200025709618,-1.01587311882984,-1.66474282559122,-1.34646896387037,-1.30712663838966
"ENSG00000132872.11",0.541353694244717,0.444511517718509,0.988459399091328,1.48438100649163,-0.708894354768928,-1.49021220381303,-1.18959116189959,-0.475315931799174
"ENSG00000053438.8",1.49490164752728,0.118468799258933,1.90725336344882,1.95344242611508,-0.41863169888789,-0.225989019938988,-0.463553149185103,0.404215716905245
"ENSG00000247809.7",0.253977165484449,-0.697364724470733,-0.866067971349212,1.13565935882255,-1.06676811793255,0.122880902527937,0.113711197422097,-1.11799061902214
"ENSG00000185551.13",0.199779423847298,0.263050012065938,-0.430569012718749,1.28703443952286,-0.886925050989561,-0.107151532288411,0.397762247752209,-0.409094988552188
"ENSG00000175745.11",0.480469022275989,0.795446654576901,0.273585384580977,1.44631328206452,-0.710518719473194,0.316388686997564,1.05935537409609,0.0827409076552027
"ENSG00000198918.7",1.12449033447211,0.669919838728558,0.305178847831594,1.97515329020967,0.556644136973867,0.757886961444204,0.509863302619719,0.919886598574974
"ENSG00000231500.6",1.3070135172619,1.08661715501759,0.582292915746614,1.93812617582379,0.918464986739628,1.08562363953632,0.768306639304741,1.34603167377271
"ENSG00000142937.11",1.16526445091788,0.896842517120767,0.76602838523123,1.76986510301445,0.873281559638877,0.939044621952716,0.684355376425482,1.24570675896359
"ENSG00000144713.12",1.24897616733699,0.811456293330567,0.426334562402194,1.91020671592269,0.691882275629188,0.821976423651621,0.855606747538255,0.955998506899505
"ENSG00000197756.9",1.47030450253794,0.671149110741664,0.719199771242401,1.71278777355089,0.661385434699931,0.697205299218603,0.829511992639036,0.939899838332043
"ENSG00000138326.18",1.35905585157579,0.724524206911343,0.517140479116277,1.87713692431081,0.6258472278928,0.789138986609934,0.847379542388995,1.23402777395942
"ENSG00000161970.12",1.34695247129956,0.910320148429625,0.428209708852094,1.98330779055382,0.71331129754782,0.849554566229082,0.691103369635074,1.1467256448054
"ENSG00000186468.12",1.00851417686099,0.59658610493788,0.410672714668132,1.68074716049297,0.558184612673896,0.6209262958117,0.630183257541737,1.09767457520157
"ENSG00000109475.16",1.47137505397428,0.662156560082674,0.662646928577752,1.73488083002999,0.576085430463807,0.963618303837802,0.427496147573486,1.24919415919263
"ENSG00000198034.10",1.02981193623691,0.527634109365019,0.493664164985703,1.6254025308854,0.588221500848676,0.534916268527931,0.785152614143156,0.794301988859521
"ENSG00000204472.12",-1.51659340169339,0.0101768748300234,-1.53243771464195,-0.294315425145183,-0.987011349724396,-1.66474282559122,-0.794581360410787,1.51020714906306
"ENSG00000034510.5",2.22789730208455,1.6739705908221,1.97583884409861,2.1631379114451,1.14508112910291,0.936660859600326,1.01859985128672,2.25687161307991
"ENSG00000137154.12",1.00065429506847,0.624504585206271,0.526583983874865,1.66401556380674,0.860703817942437,0.798303078454804,0.748773466447221,1.20192117477096
"ENSG00000008988.9",0.975801381530654,0.508529117017973,0.396618569741892,1.3104836969052,0.584805894547686,0.462081532289648,0.754927123911468,1.15799946964054
"ENSG00000177600.8",1.14687895257149,0.936204638132809,0.741323667654551,1.92211623856358,1.11111378808222,1.01605446640186,1.31192676331946,1.45494452204376
"ENSG00000133112.16",0.931774527028758,0.216672687778488,0.00536682703351879,0.895752360862409,0.354584319203032,0.263182350031635,0.302297822878934,0.974144404125164
"ENSG00000198242.13",0.868916222639237,0.655054184340386,0.147092610751003,1.56234087061839,0.79525445335865,0.825420786674893,0.963348013793878,1.1661019732789
"ENSG00000108298.9",1.20155636870441,0.943497634579001,0.649892759262107,1.57179728089106,1.00937391242498,0.916067578208792,0.963041830223298,1.3694641359007
"ENSG00000143947.12",0.948692694815005,0.782214127383241,0.443515973879369,1.65677384314486,0.801641446312462,0.815042636361285,0.643969124691629,1.12533350300156
"ENSG00000142676.12",1.16216492789466,0.946304887232397,0.525497938969693,1.87447350651248,1.14651043954567,1.14816351856501,1.20859213568186,1.540365962857
"ENSG00000115268.9",1.14912622920171,1.11357235802836,0.541449030052904,1.9346984595262,1.26964644783031,1.02958424079484,1.13327134916743,1.38321582602298
"ENSG00000145592.13",1.19601057185007,0.507760639974164,0.533235508758397,1.38184580153152,0.523380957786493,0.639928969552439,0.369611077813655,0.819060323020664
"ENSG00000087086.14",1.40507370799678,2.12356790299086,1.48151828086621,1.73340878580453,2.25678434098763,1.69305000283234,2.08255963708969,2.80002281750546
"ENSG00000205542.10",1.61523921001402,1.89444582416879,1.8188342962757,1.39150639768191,1.53156590266605,0.539192279909625,0.812282362391829,2.69230774554772
"ENSG00000177954.11",1.99643122133036,2.04285595742327,1.66078274353227,2.27036743408043,2.05752287630089,1.9509245979666,2.43898223852521,2.39821387654367
